source_id,title,author,publisher,publication_year,tradition,sect,subsect,language,script,source_url,download_url,repository,source_format,license,license_evidence_url,copyright_basis,training_permission,redistribution_permission,commercial_permission,license_confidence,source_status,acquisition_status,ocr_required,translation_status,commentary_status,language_family,language_variant,language_confidence,classification_basis,transliteration_system,sect_confidence,sect_basis,relation_type,parent_source_id,religious_scope,religious_scope_confidence,religious_scope_basis,knowledge_layer,teacher_or_author,lineage,provenance,notes,text_name,text_category,author_death_year,uploader_asserted,ia_rights_statement,verification_required,curation_status,acquisition_repository,acquisition_identifier,approx_token_count,human_verified,source_quality,provenance_quality,duplicate_risk,sectarian_confidence,recommended_use
SVK-0001,CC0 Jain text library (patron-library-collection / ganeshvarnilibrary),various,unknown,,MULTI_TRADITION,MULTI_TRADITION,unknown,hi;gu;en;sa,Devanagari;Gujarati;Latin,https://archive.org/details/ganeshvarnilibrary,https://archive.org/advancedsearch.php?q=collection%3Aganeshvarnilibrary,Internet Archive,PDF;DjVuTXT;hOCR,CC0-1.0 (uploader-asserted),https://archive.org/details/ganeshvarnilibrary,,WITH_CONDITIONS (R20_PERMISSIVE_LICENCE_UNVERIFIED),CONDITIONAL_PER_ITEM,CONDITIONAL_PER_ITEM,low,CANDIDATE,PENDING,false,MIXED,none,,,,,,,,,,UNKNOWN,UNKNOWN,Mixed patron-library collection that per manifest notes skews Digambara and generic-Jain,,,,"{""acquisition_repository"": """", ""curation_status"": ""NOT_CURATED"", ""identifier"": """", ""license_evidence_url"": ""https://archive.org/details/ganeshvarnilibrary"", ""manifest_origin"": ""parent_manifest"", ""repository"": ""Internet Archive"", ""source_url"": ""https://archive.org/details/ganeshvarnilibrary""}","The largest legally-plausible Jain text trove found. Must be audited item by item: the CC0 tag is NOT credible for post-1966 publications, while pre-1966 works are PD by age regardless of the tag. Collection skews Digambara and generic-Jain, NOT Sthanakavasi. HIGHEST PRIORITY for the corpus-v0.1 ingest task.",MULTIPLE (collection),MULTIPLE,,false,false,true,NOT_CURATED,,,UNMEASURED,no,GOOD,MEDIUM,depends on per-item audit,LOW (collection is Digambara/generic-skewed),NEEDS_PERMISSION
SVK-0002,Jain Dharma (1958),Muni Sushil Kumar,"A.B.S. Sthanakvasi Jain Conference Bhavan, New Delhi",1958,JAIN,STHANAKAVASI,ABS Sthanakvasi Jain Conference Bhavan,en;hi,Devanagari;Latin,https://archive.org/details/kins_jain-dharma-by-muni-sushil-kumar-1958-new-delhi-a-b-s-sthanakvasi-jain-conference-bhavan,https://archive.org/download/kins_jain-dharma-by-muni-sushil-kumar-1958-new-delhi-a-b-s-sthanakvasi-jain-conference-bhavan/,Internet Archive,PDF;DjVuTXT,CC0-1.0,https://archive.org/details/kins_jain-dharma-by-muni-sushil-kumar-1958-new-delhi-a-b-s-sthanakvasi-jain-conference-bhavan,"CC0-1.0 asserted by a patron-library uploader. Author death year documented as 1994 (Wikipedia, 'Sushil Kumar (Jain monk)', 15 June 1926 - 22 April 1994): the Indian life+60 term runs to 2054, so the work is IN COPYRIGHT and the uploader's CC0 tag is not credible as a rights-holder grant.",NEEDS_PERMISSION (R92_TERM_UNEXPIRED),YES,YES,low,CANDIDATE,PENDING,true,n/a,none,,,,,,,,,,CORE_STHANAKAVASI,HIGH,Dual evidence: author Muni Sushil Kumar is a documented Sthanakvasi teacher/monk/Acharya (Wikipedia biographic record,,,,"{""acquisition_repository"": ""internet_archive"", ""curation_status"": ""CURATED"", ""identifier"": ""kins_jain-dharma-by-muni-sushil-kumar-1958-new-delhi-a-b-s-sthanakvasi-jain-conference-bhavan"", ""license_evidence_url"": ""https://archive.org/details/kins_jain-dharma-by-muni-sushil-kumar-1958-new-delhi-a-b-s-sthanakvasi-jain-conference-bhavan"", ""manifest_origin"": ""parent_manifest"", ""repository"": ""Internet Archive"", ""source_url"": ""https://archive.org/details/kins_jain-dharma-by-muni-sushil-kumar-1958-new-delhi-a-b-s-sthanakvasi-jain-conference-bhavan""}","BEST SINGLE STHANAKAVASI SEED ITEM found. Publisher is explicitly the A.B.S. Sthanakvasi Jain Conference Bhavan, New Delhi. Verify the author death year to raise confidence, then promote to the core corpus. :: Highest-value Sthanakavasi seed item found. Death-year verification completed 2026-09-18 (https://en.wikipedia.org/wiki/Sushil_Kumar_(Jain_monk)): author was a Sthanakvasi Acharya, d. 1994, so the gate moves to R92 NEEDS_PERMISSION. Permission from the rights holder (author's lineage / Sthanakvasi Jain Conference) is the only path to use this text.",Jain Dharma,EXPOSITION,1994,true,false,true,CURATED,internet_archive,kins_jain-dharma-by-muni-sushil-kumar-1958-new-delhi-a-b-s-sthanakvasi-jain-conference-bhavan,UNMEASURED,no,HIGH,MEDIUM,low,MEDIUM,TRAIN
SVK-0003,An Illustrated Ardha Magadhi Dictionary Vol 1 (1923),Muni Ratnachandraji,SS Jain Conference (publisher),1923,SVETAMBARA,STHANAKAVASI,SS Jain Conference (publisher),en;pra,Devanagari;Latin,https://archive.org/details/zwmn-an-illustrated-ardha-magadhi-dictionary-vol-1-by-m,https://archive.org/download/zwmn-an-illustrated-ardha-magadhi-dictionary-vol-1-by-m/,Internet Archive,PDF;DjVuTXT,CC0-1.0,https://archive.org/details/zwmn-an-illustrated-ardha-magadhi-dictionary-vol-1-by-m,"CC0-1.0 asserted by a university-library uploader. Pre-1966 publication, but the compiler's death year is NOT documented.",WITH_CONDITIONS (R30_CC0_ASSERTED_PRE_1966),YES,YES,low,CANDIDATE,PENDING,true,n/a,none,,,,,,,,,,CORE_STHANAKAVASI,HIGH,Publisher imprint explicitly S S Jain Conference (Sthanakvasi),,,,"{""acquisition_repository"": ""internet_archive"", ""curation_status"": ""CURATED"", ""identifier"": ""zwmn-an-illustrated-ardha-magadhi-dictionary-vol-1-by-m"", ""license_evidence_url"": ""https://archive.org/details/zwmn-an-illustrated-ardha-magadhi-dictionary-vol-1-by-m"", ""manifest_origin"": ""parent_manifest"", ""repository"": ""Internet Archive"", ""source_url"": ""https://archive.org/details/zwmn-an-illustrated-ardha-magadhi-dictionary-vol-1-by-m""}","Sthanakavasi-published Prakrit dictionary (Indore 1923). HIGHEST-VALUE PRAKRIT ASSET FOUND. Basis for the Ardhamagadhi lexicon used to validate all OCR output. Confirm the CC0 basis with counsel. :: Sthanakavasi-published Prakrit lexicon, vol 1 of 5. Blocked only by the undocumented death year.",Ardha Magadhi Dictionary,LEXICON,unknown,true,false,true,CURATED,internet_archive,zwmn-an-illustrated-ardha-magadhi-dictionary-vol-1-by-m,UNMEASURED (lexicon; expect 1-3M),no,HIGH,HIGH,low,HIGH,TRAIN
SVK-0004,An Illustrated Ardha Magadhi Dictionary Vol 3 (1930),Muni Ratnachandraji,SS Jain Conference (publisher),1930,SVETAMBARA,STHANAKAVASI,SS Jain Conference (publisher),en;pra,Devanagari;Latin,https://archive.org/details/tqtv-an-illustrated-ardha-magadhi-dictionary-vol-3-by-m,https://archive.org/download/tqtv-an-illustrated-ardha-magadhi-dictionary-vol-3-by-m/,Internet Archive,PDF;DjVuTXT,CC0-1.0,https://archive.org/details/tqtv-an-illustrated-ardha-magadhi-dictionary-vol-3-by-m,CC0-1.0 asserted by a university-library uploader; compiler death year NOT documented.,WITH_CONDITIONS (R30_CC0_ASSERTED_PRE_1966),YES,YES,low,CANDIDATE,PENDING,true,n/a,none,,,,,,,,,,CORE_STHANAKAVASI,HIGH,Publisher imprint explicitly S S Jain Conference (Sthanakvasi),,,,"{""acquisition_repository"": ""internet_archive"", ""curation_status"": ""CURATED"", ""identifier"": ""tqtv-an-illustrated-ardha-magadhi-dictionary-vol-3-by-m"", ""license_evidence_url"": ""https://archive.org/details/tqtv-an-illustrated-ardha-magadhi-dictionary-vol-3-by-m"", ""manifest_origin"": ""parent_manifest"", ""repository"": ""Internet Archive"", ""source_url"": ""https://archive.org/details/tqtv-an-illustrated-ardha-magadhi-dictionary-vol-3-by-m""}",Bombay 1930. Exists as multiple CC0 uploads plus DLI copies. Resolve to one canonical instance in the dedup stage. :: Vol 3; duplicates exist under SVK-0005 and in the DLI.,Ardha Magadhi Dictionary,LEXICON,unknown,true,false,true,CURATED,internet_archive,tqtv-an-illustrated-ardha-magadhi-dictionary-vol-3-by-m,UNMEASURED (lexicon),no,HIGH,HIGH,HIGH (duplicate of SVK-0005),HIGH,TRAIN
SVK-0005,Ardha Magadhi Dictionary Vol 3 (1930) Lahore Jangamwadi Math copy,Shri Ratna Chandra Ji Maharaja,SS Jain Conference (publisher),1930,SVETAMBARA,STHANAKAVASI,SS Jain Conference (publisher),en;pra,Devanagari;Latin,https://archive.org/details/WTyp_ardha-magadhi-dictionary-vol.-3-by-shri-ratna-chandra-ji-maharaja-1930-lahore-ja,https://archive.org/download/WTyp_ardha-magadhi-dictionary-vol.-3-by-shri-ratna-chandra-ji-maharaja-1930-lahore-ja/,Internet Archive,PDF;DjVuTXT,CC0-1.0,https://archive.org/details/WTyp_ardha-magadhi-dictionary-vol.-3-by-shri-ratna-chandra-ji-maharaja-1930-lahore-ja,CC0-1.0 asserted by a college-library uploader; compiler death year NOT documented.,WITH_CONDITIONS (R30_CC0_ASSERTED_PRE_1966),YES,YES,low,CANDIDATE,PENDING,true,n/a,none,,,,,,,,,,CORE_STHANAKAVASI,HIGH,Publisher imprint explicitly S S Jain Conference (Sthanakvasi); same work as SVK-0004,LEXICON,Shri Ratna Chandra Ji Maharaj,S S Jain Conference (Sthanakvasi),"{""acquisition_repository"": ""internet_archive"", ""curation_status"": ""CURATED"", ""identifier"": ""WTyp_ardha-magadhi-dictionary-vol.-3-by-shri-ratna-chandra-ji-maharaja-1930-lahore-ja"", ""license_evidence_url"": ""https://archive.org/details/WTyp_ardha-magadhi-dictionary-vol.-3-by-shri-ratna-chandra-ji-maharaja-1930-lahore-ja"", ""manifest_origin"": ""parent_manifest"", ""repository"": ""Internet Archive"", ""source_url"": ""https://archive.org/details/WTyp_ardha-magadhi-dictionary-vol.-3-by-shri-ratna-chandra-ji-maharaja-1930-lahore-ja""}",Confirmed cross-uploader duplicate - the canonical example for the dedup stage. Prefer the better scan and record the pairing. :: Independent CC0 digitisation of the same volume as SVK-0004.,Ardha Magadhi Dictionary,LEXICON,unknown,true,false,true,CURATED,internet_archive,WTyp_ardha-magadhi-dictionary-vol.-3-by-shri-ratna-chandra-ji-maharaja-1930-lahore-ja,UNMEASURED,no,HIGH,HIGH,HIGH (duplicate of SVK-0004),HIGH,TRAIN
SVK-0006,An Illustrated Ardha Magadhi Dictionary Vol 4 (1932),Muni Ratnachandraji Maharaj,S Sthanakwasi Jaina Conference (publisher),1932,SVETAMBARA,STHANAKAVASI,S Sthanakwasi Jaina Conference (publisher),en;pra,Devanagari;Latin,https://archive.org/details/kbii-an-illustrated-ardha-magadhi-dictionary-vol-4-by-m,https://archive.org/download/kbii-an-illustrated-ardha-magadhi-dictionary-vol-4-by-m/,Internet Archive,PDF;DjVuTXT,CC0-1.0,https://archive.org/details/kbii-an-illustrated-ardha-magadhi-dictionary-vol-4-by-m,CC0-1.0 asserted by a college-library uploader; publisher named in the title is the Sthanakwasi Jaina Conference itself.,WITH_CONDITIONS (R30_CC0_ASSERTED_PRE_1966),YES,YES,low,CANDIDATE,PENDING,true,n/a,none,,,,,,,,,,CORE_STHANAKAVASI,HIGH,Title itself names the S Sthanakwasi Jaina Conference as publisher,LEXICON,Muni Ratnachandra Maharaj,S Sthanakwasi Jaina Conference,"{""acquisition_repository"": ""internet_archive"", ""curation_status"": ""CURATED"", ""identifier"": ""kbii-an-illustrated-ardha-magadhi-dictionary-vol-4-by-m"", ""license_evidence_url"": ""https://archive.org/details/kbii-an-illustrated-ardha-magadhi-dictionary-vol-4-by-m"", ""manifest_origin"": ""parent_manifest"", ""repository"": ""Internet Archive"", ""source_url"": ""https://archive.org/details/kbii-an-illustrated-ardha-magadhi-dictionary-vol-4-by-m""}","Title explicitly names the S Sthanakwasi Jaina Conference as publisher. The duplicate DLI instance (in.ernet.dli.2015.327413) has no licence - use the CC0 one. :: Title itself names the Sthanakavasi publisher, which is why this volume is the most valuable single target for rights clearing.",Ardha Magadhi Dictionary,LEXICON,unknown,true,false,true,CURATED,internet_archive,kbii-an-illustrated-ardha-magadhi-dictionary-vol-4-by-m,UNMEASURED,no,HIGH,HIGH,HIGH (DLI duplicate exists),HIGH,TRAIN
SVK-0007,Ardha Magadhi Dictionary Vols 2 and 5 (1927; 1938),Muni Ratnachandraji,unknown,1927,SVETAMBARA,STHANAKAVASI,SS Jain Conference,Prakrit;Sanskrit,Devanagari;Latin,https://archive.org/details/in.ernet.dli.2015.327411,https://archive.org/download/in.ernet.dli.2015.327411/,Internet Archive,PDF;DjVuTXT,none declared,https://archive.org/details/in.ernet.dli.2015.327411,"DLI/JaiGyan item with no licenseurl, no rights field and no possible-copyright-status field at all.",TRAINING_ALLOWED (R70_PRE_1930_PUBLICATION),CONDITIONAL,CONDITIONAL,low,CANDIDATE,PENDING,true,n/a,none,Old and Middle Indo-Aryan,Ardhamagadhi (dictionary entries),medium,bibliographic_record,IAST,medium,publisher_imprint,edition_of,,CORE_STHANAKAVASI,MEDIUM,Publisher imprint (SS Jain Conference) per bibliographic record; DLI scan carries no explicit statement,LEXICON,Muni Ratnachandra,S S Jain Conference (Sthanakvasi),"{""acquisition_repository"": ""internet_archive"", ""curation_status"": ""CURATED"", ""identifier"": ""in.ernet.dli.2015.327411"", ""license_evidence_url"": ""https://archive.org/details/in.ernet.dli.2015.327411"", ""manifest_origin"": ""parent_manifest"", ""repository"": ""Internet Archive"", ""source_url"": ""https://archive.org/details/in.ernet.dli.2015.327411""}","DLI items carry NO licenseurl, NO rights field and NO possible-copyright-status (verified). PD by age is likely but must be established per item. Hunt for CC0 instances of vols 2 and 5 before using these. :: DLI items carry no rights metadata whatsoever; verified by a field-level API query.",Ardha Magadhi Dictionary,LEXICON,unknown,false,false,true,CURATED,internet_archive,in.ernet.dli.2015.327411,UNMEASURED,no,MEDIUM,LOW,HIGH,LOW,NEEDS_PERMISSION
SVK-0008,Sthanakvasi Jainonum Dharamkartavya (1960),unknown,unknown,1960,SVETAMBARA,STHANAKAVASI,unidentified Sthanakvasi publisher,gu,Gujarati,https://archive.org/details/in.ernet.dli.2015.440806,https://archive.org/download/in.ernet.dli.2015.440806/,Internet Archive,PDF;DjVuTXT;hOCR,none declared,https://archive.org/details/in.ernet.dli.2015.440806,"DLI item, no rights metadata. A Sthanakavasi Gujarati lay-conduct manual.",WITH_CONDITIONS (R95_CHRONOLOGY_UNRESOLVED),CONDITIONAL,CONDITIONAL,low,CANDIDATE,PENDING,true,n/a,none,,,,,,,,,,CORE_STHANAKAVASI,LOW,Title names the sect (Sthanakvasi Jainonum Dharmakartavya); no publisher/author metadata to corroborate,CONDUCT MANUAL,unknown,unknown,"{""acquisition_repository"": ""internet_archive"", ""curation_status"": ""CURATED"", ""identifier"": ""in.ernet.dli.2015.440806"", ""license_evidence_url"": ""https://archive.org/details/in.ernet.dli.2015.440806"", ""manifest_origin"": ""parent_manifest"", ""repository"": ""Internet Archive"", ""source_url"": ""https://archive.org/details/in.ernet.dli.2015.440806""}",THE OCR QUALITY EXHIBIT for this project: archive.org's own Gujarati pipeline mis-detected the script. Use as the calibration item for the Gujarati OCR pilot. Attribution research required. :: THE OCR CALIBRATION ITEM: archive.org's own OCR layer reports detected script 'Bengali' at 0.4658 confidence for this Gujarati book.,Sthanakvasi Jainonum Dharamkartavya,CONDUCT_MANUAL,unknown,false,false,true,CURATED,internet_archive,in.ernet.dli.2015.440806,UNMEASURED,no,MEDIUM,LOW,MEDIUM,LOW,NEEDS_PERMISSION
SVK-0009,A.B. Shree Swetambar Sthanakvasi Jain Conference no Chadati Padatino Itihas (1941),unknown,unknown,1941,SVETAMBARA,STHANAKAVASI,unknown,gu,Gujarati,https://archive.org/details/in.ernet.dli.2015.258851,https://archive.org/download/in.ernet.dli.2015.258851/,Internet Archive,PDF;DjVuTXT,none declared,https://archive.org/details/in.ernet.dli.2015.258851,"DLI item, no rights metadata.",WITH_CONDITIONS (R95_CHRONOLOGY_UNRESOLVED),CONDITIONAL,CONDITIONAL,low,CANDIDATE,PENDING,true,n/a,none,,,,,,,,,,CORE_STHANAKAVASI,HIGH,Institutional history of the A.B. Svetambar Sthanakvasi Jain Conference itself,INSTITUTIONAL HISTORY,unknown,Akhil Bharatiya Svetambar Sthanakvasi Jain Conference,"{""acquisition_repository"": ""internet_archive"", ""curation_status"": ""CURATED"", ""identifier"": ""in.ernet.dli.2015.258851"", ""license_evidence_url"": ""https://archive.org/details/in.ernet.dli.2015.258851"", ""manifest_origin"": ""parent_manifest"", ""repository"": ""Internet Archive"", ""source_url"": ""https://archive.org/details/in.ernet.dli.2015.258851""}",Institutional history of the Conference (A.B. = Akhil Bharatiya). High sectarian value. Resolve the duplicate pair and verify PD. :: A.B. Shree Svetambar Sthanakvasi Jain Conference institutional history.,Conference history,INSTITUTIONAL_HISTORY,unknown,false,false,true,CURATED,internet_archive,in.ernet.dli.2015.258851,UNMEASURED,no,MEDIUM,LOW,HIGH (duplicate of SVK-0010),HIGH,NEEDS_PERMISSION
SVK-0010,A.B. Swetambar Sthanakvasi Jain Conference history (duplicate scan),unknown,unknown,1941,SVETAMBARA,STHANAKAVASI,unknown,gu,Gujarati,https://archive.org/details/dli.ernet.410253,https://archive.org/download/dli.ernet.410253/,Internet Archive,PDF;DjVuTXT,none declared,https://archive.org/details/dli.ernet.410253,"DLI item, no rights metadata; duplicate scan of SVK-0009.",WITH_CONDITIONS (R95_CHRONOLOGY_UNRESOLVED),CONDITIONAL,CONDITIONAL,low,CANDIDATE,PENDING,true,n/a,none,,,,,,,,,,CORE_STHANAKAVASI,LOW,Duplicate scan of SVK-0009; inherits subject but has weaker provenance and no independent verification,INSTITUTIONAL HISTORY,unknown,Akhil Bharatiya Svetambar Sthanakvasi Jain Conference,"{""acquisition_repository"": ""internet_archive"", ""curation_status"": ""CURATED"", ""identifier"": ""dli.ernet.410253"", ""license_evidence_url"": ""https://archive.org/details/dli.ernet.410253"", ""manifest_origin"": ""parent_manifest"", ""repository"": ""Internet Archive"", ""source_url"": ""https://archive.org/details/dli.ernet.410253""}",Duplicate scan of SVK-0009 with weaker provenance. Retain only as a dedup test case. :: Retained only as a deduplication test case.,Conference history,INSTITUTIONAL_HISTORY,unknown,false,false,true,CURATED,internet_archive,dli.ernet.410253,UNMEASURED,no,LOW,LOW,HIGH (duplicate of SVK-0009),HIGH,DO_NOT_USE
SVK-0011,Shri Acharrang Sutra (Hindi Chaya Anuwad) (1966),unknown translator,unknown,1966,MULTI_TRADITION,UNKNOWN,unknown,hi;pra,Devanagari,https://archive.org/details/in.ernet.dli.2015.346505,https://archive.org/download/in.ernet.dli.2015.346505/,Internet Archive,PDF;DjVuTXT,none declared,https://archive.org/details/in.ernet.dli.2015.346505,"DLI item, no rights metadata; 1966 is the boundary year for the life+60 rule.",NEEDS_PERMISSION (R90_MODERN_IN_COPYRIGHT),UNCLEAR,UNCLEAR,low,CANDIDATE,PENDING,true,present (Hindi chaya anuvada),none,,,,,,,,,,UNKNOWN,UNKNOWN,Only incidental mention of Sthanakvasi inside the text; translator and publisher unidentified,PRIMARY CANON (Anga,,,"{""acquisition_repository"": ""internet_archive"", ""curation_status"": ""CURATED"", ""identifier"": ""in.ernet.dli.2015.346505"", ""license_evidence_url"": ""https://archive.org/details/in.ernet.dli.2015.346505"", ""manifest_origin"": ""parent_manifest"", ""repository"": ""Internet Archive"", ""source_url"": ""https://archive.org/details/in.ernet.dli.2015.346505""}","The item's own text mentions 'Sthanakvasi' (found by Internet Archive full-text search), which suggests but does NOT prove Sthanakavasi provenance. 1966 is a boundary year - do not assume PD. Publisher attribution is the critical missing field. :: Hindi chaya-anuvada of the Acaranga; the item text mentions 'Sthanakvasi' per IA full-text search.",Ayāramga / Ācārāṅga Sūtra,ANGA,unknown,false,false,true,CURATED,internet_archive,in.ernet.dli.2015.346505,UNMEASURED,no,MEDIUM,LOW,MEDIUM,MEDIUM,NEEDS_PERMISSION
SVK-0012,Shri Dashvaikalik Sutra Ka Hindi Anuvad (1936),unknown translator,unknown,1936,MULTI_TRADITION,UNKNOWN,unknown,hi;pra,Devanagari,https://archive.org/details/in.ernet.dli.2015.308533,https://archive.org/download/in.ernet.dli.2015.308533/,Internet Archive,PDF;DjVuTXT,none declared,https://archive.org/details/in.ernet.dli.2015.308533,"DLI item, no rights metadata.",WITH_CONDITIONS (R95_CHRONOLOGY_UNRESOLVED),CONDITIONAL,CONDITIONAL,low,CANDIDATE,PENDING,true,present (Hindi anuvada),none,,,,,,,,,,UNKNOWN,UNKNOWN,Canonical mula-sutra translation,,,,"{""acquisition_repository"": ""internet_archive"", ""curation_status"": ""CURATED"", ""identifier"": ""in.ernet.dli.2015.308533"", ""license_evidence_url"": ""https://archive.org/details/in.ernet.dli.2015.308533"", ""manifest_origin"": ""parent_manifest"", ""repository"": ""Internet Archive"", ""source_url"": ""https://archive.org/details/in.ernet.dli.2015.308533""}",Mula-sutra memorised by all new Jain mendicants. High canonical value. Same publisher-attribution gap as the other DLI canon translations. :: Hindi anuvada of the Dasavaikalika Sutra.,Dasaveyaliya / Daśavaikālika Sūtra,MULASUTRA,unknown,false,false,true,CURATED,internet_archive,in.ernet.dli.2015.308533,UNMEASURED,no,MEDIUM,LOW,MEDIUM,MEDIUM,NEEDS_PERMISSION
SVK-0013,Shri Uttradhyayan Sutra Ka Hindi Anuvaad (1934),unknown translator,unknown,1934,MULTI_TRADITION,UNKNOWN,unknown,hi;pra,Devanagari,https://archive.org/details/in.ernet.dli.2015.348094,https://archive.org/download/in.ernet.dli.2015.348094/,Internet Archive,PDF;DjVuTXT,none declared,https://archive.org/details/in.ernet.dli.2015.348094,"DLI item, no rights metadata.",WITH_CONDITIONS (R95_CHRONOLOGY_UNRESOLVED),CONDITIONAL,CONDITIONAL,low,CANDIDATE,PENDING,true,present (Hindi anuvada),none,,,,,,,,,,UNKNOWN,UNKNOWN,Canonical text; provenance of the 1934 translation unpublished,PRIMARY CANON (Mulasutra,,,"{""acquisition_repository"": ""internet_archive"", ""curation_status"": ""CURATED"", ""identifier"": ""in.ernet.dli.2015.348094"", ""license_evidence_url"": ""https://archive.org/details/in.ernet.dli.2015.348094"", ""manifest_origin"": ""parent_manifest"", ""repository"": ""Internet Archive"", ""source_url"": ""https://archive.org/details/in.ernet.dli.2015.348094""}",One of the oldest canon texts. TWO Hindi anuvadas exist (1934 and 1962) - separate works with separate rights. Never merge them. :: 1934 Hindi anuvada of the Uttaradhyayana Sutra.,Uttarajjhayanam / Uttarādhyayana Sūtra,MULASUTRA,unknown,false,false,true,CURATED,internet_archive,in.ernet.dli.2015.348094,UNMEASURED,no,MEDIUM,LOW,HIGH (1934 vs 1962 editions),MEDIUM,NEEDS_PERMISSION
SVK-0014,Shri Uttradhyayan Sutra Ka Hindi Anuvaad (1962),unknown translator,unknown,1962,MULTI_TRADITION,UNKNOWN,unknown,hi;pra,Devanagari,https://archive.org/details/in.ernet.dli.2015.446025,https://archive.org/download/in.ernet.dli.2015.446025/,Internet Archive,PDF;DjVuTXT,none declared,https://archive.org/details/in.ernet.dli.2015.446025,"DLI item, no rights metadata.",WITH_CONDITIONS (R95_CHRONOLOGY_UNRESOLVED),UNCLEAR,UNCLEAR,low,CANDIDATE,PENDING,true,present (Hindi anuvada),none,,,,,,,,,,UNKNOWN,UNKNOWN,Distinct 1962 edition; provenance unpublished,PRIMARY CANON (Mulasutra,,,"{""acquisition_repository"": ""internet_archive"", ""curation_status"": ""CURATED"", ""identifier"": ""in.ernet.dli.2015.446025"", ""license_evidence_url"": ""https://archive.org/details/in.ernet.dli.2015.446025"", ""manifest_origin"": ""parent_manifest"", ""repository"": ""Internet Archive"", ""source_url"": ""https://archive.org/details/in.ernet.dli.2015.446025""}",Distinct edition from SVK-0013. Keep separately addressed so citations are unambiguous. :: 1962 Hindi anuvada; a DIFFERENT work from SVK-0013 and must never be merged with it.,Uttarajjhayanam / Uttarādhyayana Sūtra,MULASUTRA,unknown,false,false,true,CURATED,internet_archive,in.ernet.dli.2015.446025,UNMEASURED,no,MEDIUM,LOW,HIGH (1934 vs 1962 editions),MEDIUM,NEEDS_PERMISSION
SVK-0015,Shri Sutrakratang Sutra (1938),unknown translator,unknown,1938,MULTI_TRADITION,UNKNOWN,unknown,hi;pra,Devanagari,https://archive.org/details/in.ernet.dli.2015.308462,https://archive.org/download/in.ernet.dli.2015.308462/,Internet Archive,PDF;DjVuTXT,none declared,https://archive.org/details/in.ernet.dli.2015.308462,"DLI item, no rights metadata.",WITH_CONDITIONS (R95_CHRONOLOGY_UNRESOLVED),CONDITIONAL,CONDITIONAL,low,CANDIDATE,PENDING,true,present (Hindi anuvada),none,,,,,,,,,,UNKNOWN,UNKNOWN,Canonical Anga translation; publisher unidentified,PRIMARY CANON (Anga,,,"{""acquisition_repository"": ""internet_archive"", ""curation_status"": ""CURATED"", ""identifier"": ""in.ernet.dli.2015.308462"", ""license_evidence_url"": ""https://archive.org/details/in.ernet.dli.2015.308462"", ""manifest_origin"": ""parent_manifest"", ""repository"": ""Internet Archive"", ""source_url"": ""https://archive.org/details/in.ernet.dli.2015.308462""}",Second Anga; among the oldest texts in the canon. :: Hindi anuvada of the Sutrakrtanga Sutra.,Suyagada / Sūtrakṛtāṅga Sūtra,ANGA,unknown,false,false,true,CURATED,internet_archive,in.ernet.dli.2015.308462,UNMEASURED,no,MEDIUM,LOW,MEDIUM,MEDIUM,NEEDS_PERMISSION
SVK-0016,Shri Utradhyayan Sutar (Agam Seva) (1920),unknown,unknown,1920,MULTI_TRADITION,UNKNOWN,unknown,hi;pra,Devanagari,https://archive.org/details/in.ernet.dli.2015.545305,https://archive.org/download/in.ernet.dli.2015.545305/,Internet Archive,PDF;DjVuTXT,none declared,https://archive.org/details/in.ernet.dli.2015.545305,"DLI item, no rights metadata.",TRAINING_ALLOWED (R70_PRE_1930_PUBLICATION),CONDITIONAL,CONDITIONAL,low,CANDIDATE,PENDING,true,present (Hindi anuvada),none,,,,,,,,,,UNKNOWN,UNKNOWN,Agam Seva series suggests an institutional publisher but the institution is unidentified,PRIMARY CANON (Mulasutra,,,"{""acquisition_repository"": ""internet_archive"", ""curation_status"": ""CURATED"", ""identifier"": ""in.ernet.dli.2015.545305"", ""license_evidence_url"": ""https://archive.org/details/in.ernet.dli.2015.545305"", ""manifest_origin"": ""parent_manifest"", ""repository"": ""Internet Archive"", ""source_url"": ""https://archive.org/details/in.ernet.dli.2015.545305""}",The 'Agam Seva' series identification may reveal the publishing institution - a lead for the attribution research. :: 'Agam Seva' series edition of the Uttaradhyayana Sutra.,Uttarādhyayana Sūtra (Agam Seva edition),MULASUTRA,unknown,false,false,true,CURATED,internet_archive,in.ernet.dli.2015.545305,UNMEASURED,no,MEDIUM,LOW,MEDIUM,MEDIUM,NEEDS_PERMISSION
SVK-0017,Shrimada Gyatadharmkathank Sutra (1964),unknown,unknown,1964,MULTI_TRADITION,UNKNOWN,unknown,hi;pra,Devanagari,https://archive.org/details/in.ernet.dli.2015.327713,https://archive.org/download/in.ernet.dli.2015.327713/,Internet Archive,PDF;DjVuTXT,none declared,https://archive.org/details/in.ernet.dli.2015.327713,"DLI item, no rights metadata.",WITH_CONDITIONS (R95_CHRONOLOGY_UNRESOLVED),UNCLEAR,UNCLEAR,low,CANDIDATE,PENDING,true,present (Hindi anuvada),none,,,,,,,,,,UNKNOWN,UNKNOWN,Canonical Anga; provenance unpublished,PRIMARY CANON (Anga,,,"{""acquisition_repository"": ""internet_archive"", ""curation_status"": ""CURATED"", ""identifier"": ""in.ernet.dli.2015.327713"", ""license_evidence_url"": ""https://archive.org/details/in.ernet.dli.2015.327713"", ""manifest_origin"": ""parent_manifest"", ""repository"": ""Internet Archive"", ""source_url"": ""https://archive.org/details/in.ernet.dli.2015.327713""}",Sixth Anga (parable collection). Good candidate for narrative-style instruction data IF rights are cleared. :: Jnata-dharmakathanga (sixth Anga).,Nāyā-dhamma-kahāo / Jñātādharmakathāṅga,ANGA,unknown,false,false,true,CURATED,internet_archive,in.ernet.dli.2015.327713,UNMEASURED,no,MEDIUM,LOW,MEDIUM,MEDIUM,NEEDS_PERMISSION
SVK-0018,Adhyatmik Pravachno Part-1 (1960),unknown (pravachankar),unknown,1960,MULTI_TRADITION,UNKNOWN,unknown,gu,Gujarati,https://archive.org/details/in.ernet.dli.2015.324772,https://archive.org/download/in.ernet.dli.2015.324772/,Internet Archive,PDF;DjVuTXT,none declared,https://archive.org/details/in.ernet.dli.2015.324772,"DLI item, no rights metadata.",WITH_CONDITIONS (R95_CHRONOLOGY_UNRESOLVED),UNCLEAR,UNCLEAR,low,CANDIDATE,PENDING,true,n/a,none,,,,,,,,,,UNKNOWN,UNKNOWN,Pravachan genre is central to the tradition but the speaker is unnamed; no sect evidence,PRAVACHAN (discourse),unknown (pravachan speaker unnamed in metadata),unknown,"{""acquisition_repository"": ""internet_archive"", ""curation_status"": ""CURATED"", ""identifier"": ""in.ernet.dli.2015.324772"", ""license_evidence_url"": ""https://archive.org/details/in.ernet.dli.2015.324772"", ""manifest_origin"": ""parent_manifest"", ""repository"": ""Internet Archive"", ""source_url"": ""https://archive.org/details/in.ernet.dli.2015.324772""}","Represents the pravachan genre, the tradition's living teaching form. Speaker identity is the key missing metadata. :: Gujarati pravachan collection.",Adhyatmik Pravachno,PRAVACHAN,unknown,false,false,true,CURATED,internet_archive,in.ernet.dli.2015.324772,UNMEASURED,no,MEDIUM,LOW,MEDIUM,LOW,NEEDS_PERMISSION
SVK-0019,Stavanavali (1960),unknown,unknown,1960,MULTI_TRADITION,UNKNOWN,unknown,hi,Devanagari,https://archive.org/details/in.ernet.dli.2015.445070,https://archive.org/download/in.ernet.dli.2015.445070/,Internet Archive,PDF;DjVuTXT,none declared,https://archive.org/details/in.ernet.dli.2015.445070,"DLI item, no rights metadata.",WITH_CONDITIONS (R95_CHRONOLOGY_UNRESOLVED),UNCLEAR,UNCLEAR,low,CANDIDATE,PENDING,true,n/a,none,,,,,,,,,,UNKNOWN,UNKNOWN,Stavan repertoire is shared across Jain traditions; no sect evidence,DEVOTIONAL,unknown,none recorded,"{""acquisition_repository"": ""internet_archive"", ""curation_status"": ""CURATED"", ""identifier"": ""in.ernet.dli.2015.445070"", ""license_evidence_url"": ""https://archive.org/details/in.ernet.dli.2015.445070"", ""manifest_origin"": ""parent_manifest"", ""repository"": ""Internet Archive"", ""source_url"": ""https://archive.org/details/in.ernet.dli.2015.445070""}",Stavan (devotional song) collection. Stavans are shared across Jain traditions - do not label Sthanakavasi without evidence. :: Stavanavali devotional collection.,Stavanavali,DEVOTIONAL,unknown,false,false,true,CURATED,internet_archive,in.ernet.dli.2015.445070,UNMEASURED,no,MEDIUM,LOW,MEDIUM,LOW,NEEDS_PERMISSION
SVK-0020,Subodh Jain Pathshala Part I (1964),unknown,unknown,1964,MULTI_TRADITION,UNKNOWN,unknown,hi,Devanagari,https://archive.org/details/in.ernet.dli.2015.348055,https://archive.org/download/in.ernet.dli.2015.348055/,Internet Archive,PDF;DjVuTXT,none declared,https://archive.org/details/in.ernet.dli.2015.348055,"DLI item, no rights metadata.",WITH_CONDITIONS (R95_CHRONOLOGY_UNRESOLVED),UNCLEAR,UNCLEAR,low,CANDIDATE,PENDING,true,present,none,,,,,,,,,,UNKNOWN,UNKNOWN,Pathshala textbook; publisher unverified,EDUCATIONAL,unknown,unknown,"{""acquisition_repository"": ""internet_archive"", ""curation_status"": ""CURATED"", ""identifier"": ""in.ernet.dli.2015.348055"", ""license_evidence_url"": ""https://archive.org/details/in.ernet.dli.2015.348055"", ""manifest_origin"": ""parent_manifest"", ""repository"": ""Internet Archive"", ""source_url"": ""https://archive.org/details/in.ernet.dli.2015.348055""}",Pathshala (religious school) textbook - precisely the kind of material the project needs and precisely the kind that is in copyright. A prime candidate for a permission request. :: Pathshala textbook - the genre we most need and least are allowed to use.,Subodh Jain Pathshala,EDUCATIONAL,unknown,false,false,true,CURATED,internet_archive,in.ernet.dli.2015.348055,UNMEASURED,no,MEDIUM,LOW,MEDIUM,LOW,NEEDS_PERMISSION
SVK-0021,Jain Svetambara Agama Canon in English (with Hindi),unknown community uploader,unknown,unknown,MURTIPUJAKA,MURTIPUJAKA,unknown,en;hi,Devanagari;Latin,https://archive.org/details/u-08-u-09-u-10-u-11-u-12-2_202210,https://archive.org/download/u-08-u-09-u-10-u-11-u-12-2_202210/,Internet Archive,PDF,none declared,https://archive.org/details/u-08-u-09-u-10-u-11-u-12-2_202210,Community upload with no licence and unknown transcriber; may reproduce a copyrighted English translation set.,UNKNOWN (R99_INSUFFICIENT_EVIDENCE),UNCLEAR,UNCLEAR,low,CANDIDATE,PENDING,true,present,unknown,,,,,,,,,,COMPARATIVE_OTHER_TRADITION,MEDIUM,Manifest notes state Svetambara-wide scope,,,,"{""acquisition_repository"": ""internet_archive"", ""curation_status"": ""CURATED"", ""identifier"": ""u-08-u-09-u-10-u-11-u-12-2_202210"", ""license_evidence_url"": ""https://archive.org/details/u-08-u-09-u-10-u-11-u-12-2_202210"", ""manifest_origin"": ""parent_manifest"", ""repository"": ""Internet Archive"", ""source_url"": ""https://archive.org/details/u-08-u-09-u-10-u-11-u-12-2_202210""}","Community upload of unknown provenance that may reproduce a copyrighted English translation set. SCOPE WARNING: Svetambara generally, not specifically Sthanakavasi. Do not use without identifying the underlying edition. :: Svetambara-wide scope, not Sthanakavasi.",MULTIPLE (Agama canon),CANON_ENGLISH,unknown,false,false,true,CURATED,internet_archive,u-08-u-09-u-10-u-11-u-12-2_202210,UNMEASURED,no,LOW,LOW,UNKNOWN,MURTIPUJAKA scope,NEEDS_PERMISSION
SVK-0022,GRETIL - E-texts in Prakrit (bulk corpus),MULTIPLE,unknown,,JAIN plus non-Jain,UNKNOWN,unknown,pra;sa,Devanagari;Latin,https://gretil.sub.uni-goettingen.de/gretil.html,https://gretil.sub.uni-goettingen.de/gretil.html,GRETIL (Goettingen),TEI XML;TXT;HTML,none declared at site level; per-contribution rights,https://gretil.sub.uni-goettingen.de/gretil.html,,UNKNOWN (R99_INSUFFICIENT_EVIDENCE),CONDITIONAL,CONDITIONAL,low,CANDIDATE,PENDING,false,varies,none,,,,,,,,,,UNKNOWN,UNKNOWN,Typed Prakrit texts with per-contribution rights; sect must be tagged per text,,,,"{""acquisition_repository"": """", ""curation_status"": ""NOT_CURATED"", ""identifier"": """", ""license_evidence_url"": ""https://gretil.sub.uni-goettingen.de/gretil.html"", ""manifest_origin"": ""parent_manifest"", ""repository"": ""GRETIL (Goettingen)"", ""source_url"": ""https://gretil.sub.uni-goettingen.de/gretil.html""}","THE MOST IMPORTANT TYPED PRAKRIT SOURCE found, and it removes OCR from the critical path. Verified: a Jaina section, a Prakrit section, a bulk 'Download All Prakrit Texts', and migration to TEI. NO site licence - rights are per contribution. Enumerate file by file and record each contributor.",MULTIPLE,PRAKRIT_LITERATURE,,false,false,true,NOT_CURATED,,,UNMEASURED,no,HIGH (typed Unicode beats OCR),LOW,low,UNKNOWN,NEEDS_PERMISSION
SVK-0023,GRETIL - Jaina texts in Sanskrit,MULTIPLE,unknown,,JAIN,UNKNOWN,unknown,sa,Devanagari;Latin,https://gretil.sub.uni-goettingen.de/gretil.html,https://gretil.sub.uni-goettingen.de/gretil.html,GRETIL (Goettingen),TEI XML;TXT,none declared at site level,https://gretil.sub.uni-goettingen.de/gretil.html,,UNKNOWN (R99_INSUFFICIENT_EVIDENCE),CONDITIONAL,CONDITIONAL,low,CANDIDATE,PENDING,false,varies,some,,,,,,,,,,UNKNOWN,UNKNOWN,Sanskrit Jain philosophy from both Svetambara and Digambara authors; per-text tagging required,PHILOSOPHY (Sanskrit),multiple authors,mixed (per-text),"{""acquisition_repository"": """", ""curation_status"": ""NOT_CURATED"", ""identifier"": """", ""license_evidence_url"": ""https://gretil.sub.uni-goettingen.de/gretil.html"", ""manifest_origin"": ""parent_manifest"", ""repository"": ""GRETIL (Goettingen)"", ""source_url"": ""https://gretil.sub.uni-goettingen.de/gretil.html""}","Includes late Sanskrit Jain philosophy from both Svetambara and Digambara authors - sect tagging must be done per text, never at the collection level.",MULTIPLE,PHILOSOPHY;COMMENTARY,,false,false,true,NOT_CURATED,,,UNMEASURED,no,HIGH,LOW,low,UNKNOWN,NEEDS_PERMISSION
SVK-0024,dataspoof/Jains - Sastravarttasamuccaya,Haribhadrasuri,unknown,,SVETAMBARA,UNKNOWN,unknown,sa,IAST;Devanagari,https://huggingface.co/datasets/dataspoof/Jains,https://huggingface.co/datasets/dataspoof/Jains,Hugging Face,CSV,none declared,https://huggingface.co/datasets/dataspoof/Jains,,UNKNOWN (R99_INSUFFICIENT_EVIDENCE),NO,NO,low,CANDIDATE,PENDING,false,MIXED,present,,,,,,,,,,UNKNOWN,UNKNOWN,Unlicensed derivative layer over a Svetambara philosophical text,PHILOSOPHY,Haribhadrasuri,Svetambara (author-era),"{""acquisition_repository"": """", ""curation_status"": ""NOT_CURATED"", ""identifier"": """", ""license_evidence_url"": ""https://huggingface.co/datasets/dataspoof/Jains"", ""manifest_origin"": ""parent_manifest"", ""repository"": ""Hugging Face"", ""source_url"": ""https://huggingface.co/datasets/dataspoof/Jains""}",Do NOT use this derivative for training. Source the plain text directly from GRETIL (SVK-0023) and record the contributor - i.e. remove the extra unlicensed layer.,Sastravarttasamuccaya,PHILOSOPHY,,false,false,true,NOT_CURATED,,,UNMEASURED,no,MEDIUM,LOW,low,LOW,RAG_ONLY
SVK-0025,shethjenil/JainBooks,MULTIPLE,unknown,,JAIN,UNKNOWN,unknown,sa;pra;gu;en,Mixed,https://huggingface.co/datasets/shethjenil/JainBooks,https://huggingface.co/datasets/shethjenil/JainBooks,Hugging Face,Parquet,none declared,https://huggingface.co/datasets/shethjenil/JainBooks,,UNKNOWN (R99_INSUFFICIENT_EVIDENCE),NO,NO,low,CANDIDATE,PENDING,false,MIXED,unknown,,,,,,,,,,UNKNOWN,UNKNOWN,Dataset carries no attribution or licence; content provenance unknown,MULTIPLE,unknown,none recorded,"{""acquisition_repository"": """", ""curation_status"": ""NOT_CURATED"", ""identifier"": """", ""license_evidence_url"": ""https://huggingface.co/datasets/shethjenil/JainBooks"", ""manifest_origin"": ""parent_manifest"", ""repository"": ""Hugging Face"", ""source_url"": ""https://huggingface.co/datasets/shethjenil/JainBooks""}",The dataset card carries NO source attribution and NO licence. Unknown provenance is disqualifying for training. Reachable only by contacting the uploader.,MULTIPLE (includes Trisastisalakapurusacaritra),MULTIPLE,,false,false,true,NOT_CURATED,,,UNMEASURED,no,MEDIUM,LOW,UNKNOWN,UNKNOWN,NEEDS_PERMISSION
SVK-0026,Atma3.1-ShareGPT (Atma Siddhi Shastra),Shrimad Rajchandra,unknown,2024,JAIN,GENERIC_JAIN,unknown,en,Latin,https://huggingface.co/datasets/HappyAIUser/Atma3.1-ShareGPT,https://huggingface.co/datasets/HappyAIUser/Atma3.1-ShareGPT,Hugging Face,JSONL,apache-2.0,https://huggingface.co/datasets/HappyAIUser/Atma3.1-ShareGPT,Explicit dataset licence apache-2.0 declared in the Hub dataset card.,TRAINING_ALLOWED (R20_PERMISSIVE_LICENCE),YES,YES,high,CANDIDATE,PENDING,false,present,unknown (English annotations),,,,,,,,,,COMPARATIVE_OTHER_TRADITION,HIGH,Manifest notes: Shrimad Rajchandra work is generic/non-sectarian Jain instruction data,,,,"{""acquisition_repository"": ""huggingface"", ""curation_status"": ""CURATED"", ""identifier"": ""HappyAIUser/Atma3.1-ShareGPT"", ""license_evidence_url"": ""https://huggingface.co/datasets/HappyAIUser/Atma3.1-ShareGPT"", ""manifest_origin"": ""parent_manifest"", ""repository"": ""Hugging Face"", ""source_url"": ""https://huggingface.co/datasets/HappyAIUser/Atma3.1-ShareGPT""}","THE CLEANEST modern Jain instruction dataset found (7000+ lines, Apache-2.0). Tag GENERIC_JAIN, never Sthanakavasi. Verify whether the annotation layer is literal translation, interpretive summary, or contextual explanation before mixing into SFT. :: Clean permissive licence. GENERIC_JAIN scope - Shrimad Rajchandra is not a Sthanakavasi authority.",Atma Siddhi Shastra (Shrimad Rajchandra),INSTRUCTION_DATA,unknown,false,false,false,CURATED,huggingface,HappyAIUser/Atma3.1-ShareGPT,~2M (estimate),unknown,GOOD,HIGH,UNKNOWN (content may overlap other sources),LOW (not Sthanakavasi),TRAIN
SVK-0027,Deshika - Maharashtri Prakrit to English Parallel Corpus,MULTIPLE,BRACT's Vishwakarma Institute of Information Technology,2025,JAIN plus classical,UNKNOWN,unknown,Maharashtri Prakrit;English,Mixed,https://huggingface.co/datasets/VIITPune/Deshika-Maharashtri_Prakrit_to_English_Parallel_Corpus,https://huggingface.co/datasets/VIITPune/Deshika-Maharashtri_Prakrit_to_English_Parallel_Corpus,Hugging Face,CSV,apache-2.0,https://huggingface.co/datasets/VIITPune/Deshika-Maharashtri_Prakrit_to_English_Parallel_Corpus,Explicit dataset licence apache-2.0 declared in the Hub dataset card.,TRAINING_ALLOWED (R20_PERMISSIVE_LICENCE),YES,YES,high,CANDIDATE,PENDING,false,present,none,Middle Indo-Aryan,Maharashtri,high,dataset_card,IAST,unknown,insufficient_evidence,translation_of,,UNKNOWN,UNKNOWN,Academic parallel corpus; sect attribution not established (insufficient_evidence per manifest),PARALLEL CORPUS (Maharashtri Prakrit-English),VIIT Pune (academic project),none recorded,"{""acquisition_repository"": ""huggingface"", ""curation_status"": ""CURATED"", ""identifier"": ""VIITPune/Deshika-Maharashtri_Prakrit_to_English_Parallel_Corpus"", ""license_evidence_url"": ""https://huggingface.co/datasets/VIITPune/Deshika-Maharashtri_Prakrit_to_English_Parallel_Corpus"", ""manifest_origin"": ""parent_manifest"", ""repository"": ""Hugging Face"", ""source_url"": ""https://huggingface.co/datasets/VIITPune/Deshika-Maharashtri_Prakrit_to_English_Parallel_Corpus""}","The ONLY Prakrit-language dataset found on the Hub (language tag: pra). Value is as a translation fine-tuning signal and as a template for building the Ardhamagadhi parallel set. The language mismatch must be recorded, not glossed. :: The only Prakrit-language dataset found on the Hub. Maharashtri, not Ardhamagadhi.",MULTIPLE Prakrit passages,PARALLEL_CORPUS,unknown,false,false,false,CURATED,huggingface,VIITPune/Deshika-Maharashtri_Prakrit_to_English_Parallel_Corpus,UNMEASURED,unknown,HIGH,HIGH,low,LANGUAGE MISMATCH (Maharashtri not Ardhamagadhi),TRAIN
SVK-0028,Jain Literature Open Repository (JLOR),MULTIPLE,unknown,,JAIN,UNKNOWN,unknown,pra;sa;hi;en,Mixed,https://github.com/jainqq-org/JLOR,https://github.com/jainqq-org/JLOR,GitHub,Text;PDF,NOASSERTION,https://github.com/jainqq-org/JLOR,,UNKNOWN (R99_INSUFFICIENT_EVIDENCE),NO,NO,low,CANDIDATE,PENDING,false,MIXED (includes disclosed AI-generated translations),some,,,,,,,,,,UNKNOWN,UNKNOWN,Unlicensed repository with AI-generated translations,MULTIPLE,unknown,none recorded,"{""acquisition_repository"": """", ""curation_status"": ""NOT_CURATED"", ""identifier"": """", ""license_evidence_url"": ""https://github.com/jainqq-org/JLOR"", ""manifest_origin"": ""parent_manifest"", ""repository"": ""GitHub"", ""source_url"": ""https://github.com/jainqq-org/JLOR""}","VERIFIED: license NOASSERTION and pushed_at 2024-09-17 (dormant ~2 years). Contains AI-generated translations (Gemini 1.5 Flash, Claude Haiku per its own README). Unlicensed plus machine-translated means it cannot be trained on or redistributed. Approach the org for an explicit per-item licence grant.","MULTIPLE (Agamas, Anuyogas, acarya works)",CANON plus SECONDARY,,false,false,true,NOT_CURATED,,,UNMEASURED,no,varies,LOW,UNKNOWN,LOW,RESEARCH_ONLY
SVK-0029,Jainaagam - all 45 Jain Aagam,MULTIPLE,unknown,,MURTIPUJAKA,MURTIPUJAKA,unknown,pra;hi;gu;en,Mixed,https://github.com/jainism-portal/jainaagam,https://github.com/jainism-portal/jainaagam,GitHub,Vue;JSON,none (license: null),https://github.com/jainism-portal/jainaagam,,UNKNOWN (R99_INSUFFICIENT_EVIDENCE),NO,NO,low,CANDIDATE,PENDING,false,MIXED,present,,,,,,,,,,COMPARATIVE_OTHER_TRADITION,HIGH,Own description: 45 Agamas = Murtipujaka canon; manifest mandates MURTIPUJAKA tag,CANON (Murtipujaka 45-Agama set),unknown,Murtipujaka,"{""acquisition_repository"": """", ""curation_status"": ""NOT_CURATED"", ""identifier"": """", ""license_evidence_url"": ""https://github.com/jainism-portal/jainaagam"", ""manifest_origin"": ""parent_manifest"", ""repository"": ""GitHub"", ""source_url"": ""https://github.com/jainism-portal/jainaagam""}","VERIFIED: GitHub reports license null (all rights reserved) and pushed_at 2023-01-26 (dormant ~3.5 years). SCOPE WARNING: its own description says 45 Agamas = Murtipujaka canon. MUST be tagged MURTIPUJAKA_45, never Sthanakavasi. Highest-value POTENTIAL asset if a licence can be obtained.",MULTIPLE (45 Agamas),ANGA;UPANGA;CHEDA;MULA;PRAKIRNAKA,,false,false,true,NOT_CURATED,,,UNMEASURED,no,MEDIUM,LOW,UNKNOWN,UNKNOWN,NEEDS_PERMISSION
SVK-0030,Jain eLibrary,MULTIPLE,unknown,,JAIN,UNKNOWN,unknown,pra;sa;hi;gu;en,Mixed,https://jainelibrary.org/,registration-gated,Jain eLibrary (Shri Mahavir Aradhana Kendra),PDF (library),NO TERMS DISCOVERABLE,https://jainelibrary.org/,,UNKNOWN (R99_INSUFFICIENT_EVIDENCE),NO,NO,low,CANDIDATE,PENDING,false,varies,varies,,,,,,,,,,UNKNOWN,UNKNOWN,No server-side licence or terms; content scope unverifiable,MULTIPLE,unknown,none recorded,"{""acquisition_repository"": """", ""curation_status"": ""NOT_CURATED"", ""identifier"": """", ""license_evidence_url"": ""https://jainelibrary.org/"", ""manifest_origin"": ""parent_manifest"", ""repository"": ""Jain eLibrary (Shri Mahavir Aradhana Kendra)"", ""source_url"": ""https://jainelibrary.org/""}","Homepage is a JS app that renders no terms or licence text server-side (verified). Registration-gated. Under the standing rule that online availability is not permission, this library is OUT OF SCOPE until written permission is obtained. It is also the corpus behind JainGPT, so an agreement here would be strategically significant.",MULTIPLE,LIBRARY,,false,false,true,NOT_CURATED,,,UNMEASURED,no,varies,UNKNOWN,UNKNOWN,UNKNOWN,NEEDS_PERMISSION
SVK-0031,"OPenn Jain manuscript collections (Ms. Indic 20, 25, 9, 15)",MULTIPLE,unknown,,SVETAMBARA,JAIN,unknown,pra;sa;gu,Mixed,https://openn.library.upenn.edu/,https://openn.library.upenn.edu/Data/0002/html/msindic20.html,University of Pennsylvania,Images;TEI,CC-BY-4.0 (per prior research; RE-VERIFY per item),https://openn.library.upenn.edu/,,WITH_CONDITIONS (R20_PERMISSIVE_LICENCE_UNVERIFIED),CONDITIONAL,CONDITIONAL,low,CANDIDATE,PENDING,false,varies,some,,,,,,,,,,UNKNOWN,UNKNOWN,Manuscript images not yet studied for text or provenance,MANUSCRIPT (image),unknown,unknown,"{""acquisition_repository"": """", ""curation_status"": ""NOT_CURATED"", ""identifier"": """", ""license_evidence_url"": ""https://openn.library.upenn.edu/"", ""manifest_origin"": ""parent_manifest"", ""repository"": ""University of Pennsylvania"", ""source_url"": ""https://openn.library.upenn.edu/""}","Use for manuscript OCR/VLM research and layout/diagram work, NOT as a text corpus. Re-verify item-level rights before publishing anything derived.",MULTIPLE,MANUSCRIPT,,false,false,true,NOT_CURATED,,,n/a (image corpus),no,HIGH,MEDIUM,UNKNOWN,UNKNOWN,OCR_ONLY
SVK-0032,Wikipedia Jain-topic articles,MULTIPLE contributors,Wikimedia,2026,JAIN,UNKNOWN,unknown,en;hi,Devanagari;Latin,https://en.wikipedia.org/wiki/Sthanakavasi,https://dumps.wikimedia.org/,Wikimedia,Wikitext;HTML,CC-BY-SA-4.0,https://foundation.wikimedia.org/wiki/Policy:Terms_of_Use,"CC-BY-SA-4.0 - ShareAlike attaches to the derived dataset, so this is excluded from training.",RAG_ALLOWED (R40_SHAREALIKE),YES (with attribution),CONDITIONAL,high,CANDIDATE,PENDING,false,varies,MIXED,,,,,,,,,,UNKNOWN,UNKNOWN,Encyclopedic coverage; sect scope varies per article,SECONDARY SCHOLARSHIP (encyclopedic),Wikimedia contributors,none recorded,"{""acquisition_repository"": """", ""curation_status"": ""CURATED"", ""identifier"": """", ""license_evidence_url"": ""https://foundation.wikimedia.org/wiki/Policy:Terms_of_Use"", ""manifest_origin"": ""parent_manifest"", ""repository"": ""Wikimedia"", ""source_url"": ""https://en.wikipedia.org/wiki/Sthanakavasi""}","TRAILING-SHAREALIKE HAZARD: ShareAlike may propagate to a derived dataset. KEEP OUT OF THE CORE CORPUS. Use only as a separate attributed retrieval lane, or not at all. :: RAG-only candidate; no acquisition implemented in v0.1.",Various,ENCYCLOPEDIC,unknown,false,false,true,CURATED,,,UNMEASURED,no,MEDIUM,HIGH,HIGH (mirrors elsewhere),LOW,RAG_ONLY
SVK-0033,Jain Dharm Aur Darshan (2018),unknown,unknown,2018,JAIN,UNKNOWN,unknown,hi,Devanagari,https://archive.org/details/JainDharmAurDarshan,https://archive.org/download/JainDharmAurDarshan/,Internet Archive,PDF,CC-BY-ND-3.0,https://archive.org/details/JainDharmAurDarshan,"CC-BY-ND-3.0: NoDerivatives forbids normalisation, segmentation and OCR correction.",NOT_ALLOWED (R10_NODERIVATIVES),NO,NO,high,CANDIDATE,PENDING,false,n/a,none,,,,,,,,,,UNKNOWN,UNKNOWN,Modern exposition under ND licence; scope not assessed,EXPOSITION,unknown,none recorded,"{""acquisition_repository"": ""internet_archive"", ""curation_status"": ""CURATED"", ""identifier"": ""JainDharmAurDarshan"", ""license_evidence_url"": ""https://archive.org/details/JainDharmAurDarshan"", ""manifest_origin"": ""parent_manifest"", ""repository"": ""Internet Archive"", ""source_url"": ""https://archive.org/details/JainDharmAurDarshan""}","NoDerivatives forbids normalisation, segmentation, correction and OCR cleaning - i.e. every step of our pipeline. Modern Jain texts under ND are structurally unusable regardless of quality. :: Structural prohibition, not a quality problem.",Jain Dharm Aur Darshan,EXPOSITION,unknown,false,false,false,CURATED,internet_archive,JainDharmAurDarshan,UNMEASURED,no,MEDIUM,MEDIUM,UNKNOWN,UNKNOWN,DO_NOT_USE
SVK-0034,chaturmas-suchi - Shri Vardhaman Sthanakvasi Jain Shraman Sangh,ankj77 (contributor),unknown,,STHANAKAVASI,STHANAKAVASI,Vardhaman Sthanakvasi Jain Shraman Sangh,hi;en,Devanagari;Latin,https://github.com/ankj77/chaturmas-suchi,https://github.com/ankj77/chaturmas-suchi,GitHub,HTML;JSON,none,https://github.com/ankj77/chaturmas-suchi,,UNKNOWN (R99_INSUFFICIENT_EVIDENCE),NO,NO,low,CANDIDATE,PENDING,false,n/a,n/a,,,,,,,,,,CORE_STHANAKAVASI,MEDIUM,Repository self-identifies as a Sthanakvasi monastic order's chaturmas directory,DIRECTORY (monastic placement),Shri Vardhaman Sthanakvasi Jain Sangh,Shri Vardhaman Sthanakvasi Jain Sangh,"{""acquisition_repository"": """", ""curation_status"": ""NOT_CURATED"", ""identifier"": """", ""license_evidence_url"": ""https://github.com/ankj77/chaturmas-suchi"", ""manifest_origin"": ""parent_manifest"", ""repository"": ""GitHub"", ""source_url"": ""https://github.com/ankj77/chaturmas-suchi""}","THE ONLY GitHub repository matching 'sthanakvasi' (verified: GitHub search total_count = 1). Not a corpus, but strategically valuable: it identifies a real active Sthanakvasi monastic order by name and provides monastic-placement metadata. Use it to seed institutional outreach.",Chaturmas directory,DIRECTORY,,false,false,true,NOT_CURATED,,,small,no,MEDIUM,HIGH,low,HIGH,RESEARCH_ONLY
SVK-0035,JainGPT / JainQQ / AI-Yashvi,n/a,unknown,,JAIN,UNKNOWN,unknown,n/a,n/a,https://jaingpt.com/,n/a,n/a,n/a,n/a,https://jaingpt.com/,,UNKNOWN (R99_INSUFFICIENT_EVIDENCE),NO,NO,low,CANDIDATE,PENDING,false,n/a,n/a,,,,,,,,,,UNKNOWN,UNKNOWN,AI systems,,,,"{""acquisition_repository"": """", ""curation_status"": ""NOT_CURATED"", ""identifier"": """", ""license_evidence_url"": ""https://jaingpt.com/"", ""manifest_origin"": ""parent_manifest"", ""repository"": ""n/a"", ""source_url"": ""https://jaingpt.com/""}","Systems, not sources. Their corpora, licences, ranking methods and evaluation are undisclosed. Study their citation UX and failure modes; do NOT harvest their outputs into our corpus, which would import unlicensed and unverified text.",n/a,SYSTEMS,,false,false,true,NOT_CURATED,,,n/a,n/a,UNKNOWN,UNKNOWN,n/a,UNKNOWN,RESEARCH_ONLY
SVK-0036,Jainendra Siddhanta Kosa Part 1 (1990),K. Jinendra Varni,"Bharatiya Jnanapith, New Delhi",1990,JAIN,UNKNOWN,unknown,hi,Devanagari,https://archive.org/details/jainendra-siddhanta-kosa-part-1-by-k.-jinendra-varni-1990-new-delhi-bharatiya-jananapith,https://archive.org/download/jainendra-siddhanta-kosa-part-1-by-k.-jinendra-varni-1990-new-delhi-bharatiya-jananapith/,Internet Archive,PDF;DjVuTXT,CC0-1.0 (uploader-asserted),https://archive.org/details/jainendra-siddhanta-kosa-part-1-by-k.-jinendra-varni-1990-new-delhi-bharatiya-jananapith,CC0-1.0 asserted by a patron library for a 1990 publication. The assertion is not credible: a work first published in 1990 is in copyright.,NEEDS_PERMISSION (R30_CC0_ASSERTED_TOO_RECENT),NO,NO,low,CANDIDATE,PENDING,true,n/a,n/a,,,,,,,,,,UNKNOWN,UNKNOWN,Authoritative Jain encyclopaedia but uploader CC0 tag untrustworthy; sect scope not assessed,LEXICON; ENCYCLOPEDIA,K. Jinendra Varni,none recorded,"{""acquisition_repository"": ""internet_archive"", ""curation_status"": ""CURATED"", ""identifier"": ""jainendra-siddhanta-kosa-part-1-by-k.-jinendra-varni-1990-new-delhi-bharatiya-jananapith"", ""license_evidence_url"": ""https://archive.org/details/jainendra-siddhanta-kosa-part-1-by-k.-jinendra-varni-1990-new-delhi-bharatiya-jananapith"", ""manifest_origin"": ""parent_manifest"", ""repository"": ""Internet Archive"", ""source_url"": ""https://archive.org/details/jainendra-siddhanta-kosa-part-1-by-k.-jinendra-varni-1990-new-delhi-bharatiya-jananapith""}",THE CC0 TRAP WORKED EXAMPLE: an authoritative Jain encyclopaedia published in 1990 but tagged CC0 by a patron library. The tag is almost certainly invalid. Do not train on it. Illustrates why the manifest cannot trust uploader licence tags for modern works. :: THE WORKED EXAMPLE of why uploader CC0 tags are not treated as proof of clearance.,Jainendra Siddhanta Kosa,LEXICON;ENCYCLOPAEDIA,unknown,true,false,true,CURATED,internet_archive,jainendra-siddhanta-kosa-part-1-by-k.-jinendra-varni-1990-new-delhi-bharatiya-jananapith,UNMEASURED,no,HIGH,LOW,UNKNOWN,UNKNOWN,NEEDS_PERMISSION
SVK-0037,An Illustrated Ardha-Magadhi Dictionary Vol 1 (1923) university copy,Muni Ratnachandraji,SS Jain Conference (publisher),1923,SVETAMBARA,STHANAKAVASI,SS Jain Conference,Prakrit;Sanskrit,Devanagari;Latin,https://archive.org/details/ksu.u3791.illustratedardha0000acwo,https://archive.org/download/ksu.u3791.illustratedardha0000acwo/,Internet Archive,PDF;DjVuTXT,none declared,https://archive.org/details/ksu.u3791.illustratedardha0000acwo,No licence declared; third independent digitisation of the 1923 Ardha Magadhi Dictionary vol 1.,TRAINING_ALLOWED (R70_PRE_1930_PUBLICATION),CONDITIONAL,CONDITIONAL,low,CANDIDATE,PENDING,true,n/a,none,Old and Middle Indo-Aryan,Ardhamagadhi (dictionary entries),medium,bibliographic_record,IAST,medium,publisher_imprint,edition_of,,CORE_STHANAKAVASI,MEDIUM,Publisher imprint (SS Jain Conference) per bibliographic record; third digitisation of the same volume,LEXICON,Muni Ratnachandra,S S Jain Conference (Sthanakvasi),"{""acquisition_repository"": ""internet_archive"", ""curation_status"": ""CURATED"", ""identifier"": ""ksu.u3791.illustratedardha0000acwo"", ""license_evidence_url"": ""https://archive.org/details/ksu.u3791.illustratedardha0000acwo"", ""manifest_origin"": ""parent_manifest"", ""repository"": ""Internet Archive"", ""source_url"": ""https://archive.org/details/ksu.u3791.illustratedardha0000acwo""}",A third independent digitisation of the same volume (Karnataka Sanskrit University / ServantsOfKnowledge). Prefer the CC0 instance; keep this as a scan-quality cross-check and a dedup test case. :: Karnataka Sanskrit University / ServantsOfKnowledge holding.,Ardha Magadhi Dictionary,LEXICON,unknown,false,false,true,CURATED,internet_archive,ksu.u3791.illustratedardha0000acwo,UNMEASURED,no,HIGH,LOW,HIGH (duplicate of SVK-0003),HIGH,NEEDS_PERMISSION
SVK-0038,Notes on Modern Jainism (1910),Mrs. Sinclair Stevenson,unknown,1910,JAIN;WESTERN SCHOLARSHIP,UNKNOWN,unknown,English,Latin,https://archive.org/details/notesonmodernjai00steviala,https://archive.org/download/notesonmodernjai00steviala/,Internet Archive,PDF;DjVuTXT,public domain (pre-1929),https://archive.org/details/notesonmodernjai00steviala,Pre-1930 publication. IA item metadata records the item as public domain.,TRAINING_ALLOWED (R70_PRE_1930_PUBLICATION),YES,YES,medium,CANDIDATE,PENDING,true,present (English),critical commentary,,,high,bibliographic_record,,high,bibliographic_record,discusses,,HIGH_STHANAKAVASI_RELEVANCE,HIGH,1910 account explicitly treats the Sthanakvasi sect; colonial-era Western scholarship,,,,"{""acquisition_repository"": ""internet_archive"", ""curation_status"": ""CURATED"", ""identifier"": ""notesonmodernjai00steviala"", ""license_evidence_url"": ""https://archive.org/details/notesonmodernjai00steviala"", ""manifest_origin"": ""parent_manifest"", ""repository"": ""Internet Archive"", ""source_url"": ""https://archive.org/details/notesonmodernjai00steviala""}","A 1910 English account that explicitly treats the Sthanakavasi sect. Useful as HISTORICAL SCHOLARSHIP for evaluation, and an early English-language description of the tradition. MUST be tagged as colonial-era Western scholarship, NOT as the tradition's own voice. :: EXPLICITLY discusses the Sthanakavasi sect - the only cleared English source in the corpus that names the tradition.",Notes on modern Jainism with special reference to the Svetambara Digambara and Sthanakavasi sects,MODERN_SCHOLARSHIP,unknown,false,false,true,CURATED,internet_archive,notesonmodernjai00steviala,UNMEASURED,doubtful,HIGH,HIGH,low,MEDIUM,TRAIN
SVK-1001,Gaina Sutras (Sacred Books of the East): Acaranga and Sutrakrtanga,Hermann Jacobi (translator),"Clarendon Press, Oxford",1884,JAIN,SVETAMBARA,unknown,English,Latin,https://archive.org/details/gainastras01aco,https://archive.org/download/gainastras01aco/,Internet Archive,DjVuTXT;PDF,public domain (Internet Archive rights statement),https://archive.org/details/gainastras01aco,Pre-1930 publication plus Internet Archive rights statement NOT_IN_COPYRIGHT.,TRAINING_ALLOWED (R60_INSTITUTION_RIGHTS_STATEMENT),YES,YES,high,CANDIDATE,PENDING,true,present (English translation),none (translation only),,,high,bibliographic_record,IAST,low,translation_tradition,translation_of,,CANONICAL_FOUNDATION,HIGH,Canonical Acaranga and Sutrakrtanga in a published English translation; canon underlies the target tradition but the work is not Sthanakvasi-specific,PRIMARY CANON (Anga,,,"{""acquisition_repository"": ""internet_archive"", ""curation_status"": ""CURATED"", ""identifier"": ""gainastras01aco"", ""license_evidence_url"": ""https://archive.org/details/gainastras01aco"", ""manifest_origin"": ""new_sources"", ""repository"": ""Internet Archive"", ""source_url"": ""https://archive.org/details/gainastras01aco""}","The canonical 19th-century English translation of two of the oldest canon texts. Rights basis verified from the Internet Archive item metadata AND the pre-1930 publication date. SCOPE: Svetambara-wide, NOT specifically Sthanakavasi. :: Jacobi's translation of the Acaranga and Sutrakrtanga Sutras - central canon texts in English.",Ācārāṅga Sūtra / Sūtrakṛtāṅga Sūtra (English),ANGA_ENGLISH_TRANSLATION,unknown,false,true,false,CURATED,internet_archive,gainastras01aco,UNMEASURED,no,HIGH,HIGH,UNKNOWN,HIGH,TRAIN
SVK-1002,The Kalpa Sutra and Nava Tatva (1848),Rev. J. Stevenson (translator),unknown,1848,JAIN,SVETAMBARA,unknown,English,Latin,https://archive.org/details/kalpasutranavata00stevrich,https://archive.org/download/kalpasutranavata00stevrich/,Internet Archive,DjVuTXT;PDF,public domain (Internet Archive rights statement),https://archive.org/details/kalpasutranavata00stevrich,Pre-1930 publication plus Internet Archive rights statement NOT_IN_COPYRIGHT.,TRAINING_ALLOWED (R60_INSTITUTION_RIGHTS_STATEMENT),YES,YES,high,CANDIDATE,PENDING,true,present (English translation),none,,,high,bibliographic_record,IAST,low,translation_tradition,translation_of,,CANONICAL_FOUNDATION,HIGH,Kalpa Sutra and Nava Tatva in a published English translation; canonical foundation,,,,"{""acquisition_repository"": ""internet_archive"", ""curation_status"": ""CURATED"", ""identifier"": ""kalpasutranavata00stevrich"", ""license_evidence_url"": ""https://archive.org/details/kalpasutranavata00stevrich"", ""manifest_origin"": ""new_sources"", ""repository"": ""Internet Archive"", ""source_url"": ""https://archive.org/details/kalpasutranavata00stevrich""}","1848 English translation of the Kalpa Sutra and Nava Tatva. Deliberately paired with SVK-1003, an independent digitisation of the SAME 1848 work - this is the pipeline's real near-duplicate test case. :: 1848 Kalpa Sutra and Nava Tatva translation.",Kalpa Sūtra / Nava Tatva (English),MULASUTRA_ENGLISH_TRANSLATION,unknown,false,true,false,CURATED,internet_archive,kalpasutranavata00stevrich,UNMEASURED,no,HIGH,HIGH,HIGH,HIGH,TRAIN
SVK-1003,The Kalpa Sutra and Nava Tatva (1848) second digitisation,Rev. J. Stevenson (translator),unknown,1848,JAIN,SVETAMBARA,unknown,English,Latin,https://archive.org/details/kalpasutraandna00bhadgoog,https://archive.org/download/kalpasutraandna00bhadgoog/,Internet Archive,DjVuTXT;PDF,public domain (Internet Archive rights statement),https://archive.org/details/kalpasutraandna00bhadgoog,Pre-1930 publication plus Internet Archive rights statement NOT_IN_COPYRIGHT.,TRAINING_ALLOWED (R60_INSTITUTION_RIGHTS_STATEMENT),YES,YES,high,CANDIDATE,PENDING,true,present (English translation),none,,,high,bibliographic_record,IAST,low,translation_tradition,translation_of,,CANONICAL_FOUNDATION,HIGH,Second digitisation of the same 1848 canonical translation,PRIMARY CANON (Kalpasutra,,,"{""acquisition_repository"": ""internet_archive"", ""curation_status"": ""CURATED"", ""identifier"": ""kalpasutraandna00bhadgoog"", ""license_evidence_url"": ""https://archive.org/details/kalpasutraandna00bhadgoog"", ""manifest_origin"": ""new_sources"", ""repository"": ""Internet Archive"", ""source_url"": ""https://archive.org/details/kalpasutraandna00bhadgoog""}","Independent second digitisation of SVK-1002. Acquired ON PURPOSE so that the deduplication stage is tested against a genuine duplicate rather than a synthetic one. :: Second digitisation of SVK-1002, acquired deliberately as a real duplicate test case.",Kalpa Sūtra / Nava Tatva (English),MULASUTRA_ENGLISH_TRANSLATION,unknown,false,true,false,CURATED,internet_archive,kalpasutraandna00bhadgoog,UNMEASURED,no,MEDIUM,HIGH,HIGH (duplicate of SVK-1002),HIGH,TRAIN
SVK-1004,The Story of Kalaka (1933),Norman Brown,unknown,1933,JAIN,SVETAMBARA,unknown,en,Latin,https://archive.org/details/storyofkalakatex00brow,https://archive.org/download/storyofkalakatex00brow/,Internet Archive,DjVuTXT;PDF,library rights statement: not in copyright,https://archive.org/details/storyofkalakatex00brow,Internet Archive records: 'Not in copyright. The Library knows of no copyright restrictions on this item.' The Indian term has not been independently verified.,WITH_CONDITIONS (R95_CHRONOLOGY_UNRESOLVED),YES,YES,medium,CANDIDATE,PENDING,true,present (English translation),some,,,,,,,,,,CONTEXTUAL_JAIN,MEDIUM,Svetambara hagiography (Kalaka cycle); useful background,,,,"{""acquisition_repository"": ""internet_archive"", ""curation_status"": ""CURATED"", ""identifier"": ""storyofkalakatex00brow"", ""license_evidence_url"": ""https://archive.org/details/storyofkalakatex00brow"", ""manifest_origin"": ""new_sources"", ""repository"": ""Internet Archive"", ""source_url"": ""https://archive.org/details/storyofkalakatex00brow""}","Svetambara Jain hagiographical work with miniature-painting reproduction. Rights basis is a POSITIVE statement from the holding library rather than a licence; the Indian term (life+60) has NOT been independently verified, so license_confidence is medium and verification_required is flagged. :: Svetambara hagiography (Kalakacaryakatha). Rights rest on a library statement, not a licence.","Kālakācāryakathā (Svetambara hagiography, English)",HAGIOGRAPHY_ENGLISH_TRANSLATION,unknown,false,true,true,CURATED,internet_archive,storyofkalakatex00brow,UNMEASURED,no,HIGH,MEDIUM,UNKNOWN,HIGH,TRAIN
SVK-1005,Notes on the Religious Literature of India (1920),J. N. Farquhar,unknown,1920,JAIN plus other traditions,MULTI_TRADITION,unknown,en,Latin,https://archive.org/details/anoutlinereligi00farqgoog,https://archive.org/download/anoutlinereligi00farqgoog/,Internet Archive,DjVuTXT;PDF,public domain (Internet Archive rights statement),https://archive.org/details/anoutlinereligi00farqgoog,Pre-1930 publication plus Internet Archive rights statement NOT_IN_COPYRIGHT.,TRAINING_ALLOWED (R60_INSTITUTION_RIGHTS_STATEMENT),YES,YES,high,CANDIDATE,PENDING,true,present (English),critical,,,,,,,,,,CONTEXTUAL_JAIN,MEDIUM,Colonial-era survey of Indian religious literature with a Jain section; Western scholarship,SECONDARY SCHOLARSHIP (survey),J. N. Farquhar,none (Western scholarship),"{""acquisition_repository"": ""internet_archive"", ""curation_status"": ""CURATED"", ""identifier"": ""anoutlinereligi00farqgoog"", ""license_evidence_url"": ""https://archive.org/details/anoutlinereligi00farqgoog"", ""manifest_origin"": ""new_sources"", ""repository"": ""Internet Archive"", ""source_url"": ""https://archive.org/details/anoutlinereligi00farqgoog""}","Colonial-era survey containing a Jain section. Must be tagged as WESTERN SCHOLARSHIP, never as the tradition's own voice. MULTI_TRADITION: covers more than Jainism. :: Colonial-era survey with a Jain section.",An Outline of the Religious Literature of India,SECONDARY_SCHOLARSHIP,unknown,false,true,false,CURATED,internet_archive,anoutlinereligi00farqgoog,UNMEASURED,no,HIGH,HIGH,UNKNOWN,LOW,TRAIN
SVK-1006,Jaina Psychology (1929),unknown,unknown,1929,JAIN,UNKNOWN,unknown,en,Latin,https://archive.org/details/jaina-psychology,https://archive.org/download/jaina-psychology/,Internet Archive,DjVuTXT;PDF,public domain (publication date),https://archive.org/details/jaina-psychology,"Pre-1930 publication. No IA rights statement on the item, so the date is the only basis.",TRAINING_ALLOWED (R70_PRE_1930_PUBLICATION),YES,YES,medium,CANDIDATE,PENDING,true,present (English),critical,,,,,,,,,,CONTEXTUAL_JAIN,LOW,1929 Jain psychology study; author unconfirmed,SECONDARY SCHOLARSHIP,unknown,none recorded,"{""acquisition_repository"": ""internet_archive"", ""curation_status"": ""CURATED"", ""identifier"": ""jaina-psychology"", ""license_evidence_url"": ""https://archive.org/details/jaina-psychology"", ""manifest_origin"": ""new_sources"", ""repository"": ""Internet Archive"", ""source_url"": ""https://archive.org/details/jaina-psychology""}",1929 study of Jain psychology. Author not confirmed from the item metadata (recorded as unknown rather than guessed). Pre-1930 publication date is the rights basis. :: Author not confirmed from metadata.,Jaina Psychology,SECONDARY_SCHOLARSHIP,unknown,false,false,true,CURATED,internet_archive,jaina-psychology,UNMEASURED,no,MEDIUM,LOW,UNKNOWN,LOW,TRAIN
SVK-1007,Essai de bibliographie jaina (1906),A. Guerinot,unknown,1906,JAIN;BIBLIOGRAPHY,UNKNOWN,unknown,fr,Latin,https://archive.org/details/essaidebibliogr01gugoog,https://archive.org/download/essaidebibliogr01gugoog/,Internet Archive,DjVuTXT;PDF,public domain (Internet Archive rights statement),https://archive.org/details/essaidebibliogr01gugoog,Pre-1930 publication plus Internet Archive rights statement NOT_IN_COPYRIGHT.,TRAINING_ALLOWED (R60_INSTITUTION_RIGHTS_STATEMENT),YES,YES,high,CANDIDATE,PENDING,true,n/a (bibliography),n/a,,,,,,,,,,CONTEXTUAL_JAIN,MEDIUM,French Jain bibliography; metadata/reference value,REFERENCE (bibliography),A. Guerinot,none (Western scholarship),"{""acquisition_repository"": ""internet_archive"", ""curation_status"": ""CURATED"", ""identifier"": ""essaidebibliogr01gugoog"", ""license_evidence_url"": ""https://archive.org/details/essaidebibliogr01gugoog"", ""manifest_origin"": ""new_sources"", ""repository"": ""Internet Archive"", ""source_url"": ""https://archive.org/details/essaidebibliogr01gugoog""}",French-language Jain bibliography. OUT OF SCOPE for the project's target languages (hi/gu/en/sa/pra) but retained as a METADATA/BIBLIOGRAPHIC reference source and reported separately in the statistics rather than silently dropped. :: French bibliography; retained and reported separately rather than silently dropped.,Essai de bibliographie jaina,BIBLIOGRAPHY,unknown,false,true,false,CURATED,internet_archive,essaidebibliogr01gugoog,UNMEASURED,no,HIGH,HIGH,UNKNOWN,UNKNOWN,TRAIN
SVK-1008,Notes on the Jainas (1911),unknown,Indira Gandhi National Centre for the Arts (holding),1911,JAIN,MULTI_TRADITION,unknown,en,Latin,https://archive.org/details/in.gov.ignca.19947,https://archive.org/download/in.gov.ignca.19947/,Internet Archive,DjVuTXT;PDF,public domain (publication date),https://archive.org/details/in.gov.ignca.19947,Pre-1930 publication only. No IA rights statement on the item.,TRAINING_ALLOWED (R70_PRE_1930_PUBLICATION),YES,YES,medium,CANDIDATE,PENDING,true,present (English),critical,,,,,,,,,,CONTEXTUAL_JAIN,LOW,1911 notes on the Jainas; provenance quality low,SECONDARY SCHOLARSHIP,unknown,none recorded,"{""acquisition_repository"": ""internet_archive"", ""curation_status"": ""CURATED"", ""identifier"": ""in.gov.ignca.19947"", ""license_evidence_url"": ""https://archive.org/details/in.gov.ignca.19947"", ""manifest_origin"": ""new_sources"", ""repository"": ""Internet Archive"", ""source_url"": ""https://archive.org/details/in.gov.ignca.19947""}","Held by the Indira Gandhi National Centre for the Arts (IGNCA). No IA rights statement on the item; the rights basis is the pre-1930 publication date alone, so provenance quality is recorded as low. :: Provenance quality recorded as low because no rights statement exists.",Notes on the Jainas,SECONDARY_SCHOLARSHIP,unknown,false,false,true,CURATED,internet_archive,in.gov.ignca.19947,UNMEASURED,no,MEDIUM,LOW,UNKNOWN,LOW,TRAIN
SVK-1009,"Risabha Deva, the Founder of Jainism (1929)",unknown,Indira Gandhi National Centre for the Arts (holding),1929,JAIN,UNKNOWN,unknown,en,Latin,https://archive.org/details/in.gov.ignca.15558,https://archive.org/download/in.gov.ignca.15558/,Internet Archive,DjVuTXT;PDF,public domain (publication date),https://archive.org/details/in.gov.ignca.15558,Pre-1930 publication only. No IA rights statement on the item.,TRAINING_ALLOWED (R70_PRE_1930_PUBLICATION),YES,YES,medium,CANDIDATE,PENDING,true,present (English),critical,,,,,,,,,,CONTEXTUAL_JAIN,LOW,Study of Rishabha Deva (first Tirthankara); a Tirthankara subject alone is not a sect marker,SECONDARY SCHOLARSHIP,unknown,none recorded,"{""acquisition_repository"": ""internet_archive"", ""curation_status"": ""CURATED"", ""identifier"": ""in.gov.ignca.15558"", ""license_evidence_url"": ""https://archive.org/details/in.gov.ignca.15558"", ""manifest_origin"": ""new_sources"", ""repository"": ""Internet Archive"", ""source_url"": ""https://archive.org/details/in.gov.ignca.15558""}",IGNCA holding; pre-1930 basis only. Author unknown from metadata - recorded as unknown rather than guessed. :: Provenance quality recorded as low.,Risabha Deva the founder of Jainism,SECONDARY_SCHOLARSHIP,unknown,false,false,true,CURATED,internet_archive,in.gov.ignca.15558,UNMEASURED,no,MEDIUM,LOW,UNKNOWN,LOW,TRAIN
SVK-1010,"Jain Shvetambar Conference Herald, Varsh 13 (1917)",unknown,unknown,1917,SVETAMBARA,UNKNOWN,unknown,gu;hi;en,Mixed,https://archive.org/details/in.ernet.dli.2015.543343,https://archive.org/download/in.ernet.dli.2015.543343/,Internet Archive,DjVuTXT;PDF,none declared,https://archive.org/details/in.ernet.dli.2015.543343,"DLI item with no licence, no rights field and no possible-copyright-status field. Pre-1930 date is the only basis.",TRAINING_ALLOWED (R70_PRE_1930_PUBLICATION),CONDITIONAL,CONDITIONAL,low,CANDIDATE,PENDING,true,MIXED,none,,,,,,,,,,HIGH_STHANAKAVASI_RELEVANCE,MEDIUM,Periodical of the Svetambar Conference milieu,,,,"{""acquisition_repository"": ""internet_archive"", ""curation_status"": ""CURATED"", ""identifier"": ""in.ernet.dli.2015.543343"", ""license_evidence_url"": ""https://archive.org/details/in.ernet.dli.2015.543343"", ""manifest_origin"": ""new_sources"", ""repository"": ""Internet Archive"", ""source_url"": ""https://archive.org/details/in.ernet.dli.2015.543343""}","A Svetambar Conference periodical, institutionally close to the Sthanakavasi lineage and therefore sectarily interesting. Held as a DLI/JaiGyan item with NO licence, rights or copyright-status field. The 1917 publication date means the licence gate admits it (R70, medium confidence, verification required), but provenance_quality is LOW because no rights metadata exists at all, so it is held out of v0.1 by min_provenance_quality_for_release. Recorded explicitly so that its absence is read as 'unattributable', not as 'rejected' - and because it is the most sect-relevant 1917 item found. :: A Svetambar Conference periodical - sectarily the most interesting 1917 item found, and precisely the class of material the project cannot yet use.",Conference herald,PERIODICAL,unknown,false,false,true,CURATED,internet_archive,in.ernet.dli.2015.543343,UNMEASURED,no,LOW,LOW,UNKNOWN,UNKNOWN,TRAIN
SVK-2001,Ardha Magadhi Kosh and Maharashtri Deshya Prakrit Kosh (1938),Muni Ratnachandraji,"Shri Shvetambar Sthanak Vasi Jain Conference, Agra",1938,JAIN,STHANAKAVASI,unknown,Prakrit;Hindi,Devanagari,https://archive.org/details/pqpj_ardha-magadhi-kosh-and-maharashti-deshya-prakrit-kosh-ed-by-ratna-chandra-1938-a,https://archive.org/download/pqpj_ardha-magadhi-kosh-and-maharashti-deshya-prakrit-kosh-ed-by-ratna-chandra-1938-a/,Internet Archive,DjVuTXT;PDF,"CC0-1.0 (uploader-asserted, not legally verified)",https://archive.org/details/pqpj_ardha-magadhi-kosh-and-maharashti-deshya-prakrit-kosh-ed-by-ratna-chandra-1938-a,CC0-1.0 asserted by the uploader. 1938 publication; compiler death year undocumented; the Indian life+60 term cannot be confirmed expired on documented facts.,WITH_CONDITIONS (R30_CC0_ASSERTED_PRE_1966),YES,YES,low,CANDIDATE,PENDING,true,present (Hindi glosses),none,Middle Indo-Aryan,Ardhamagadhi (headwords); Maharashtri (desya section),medium,bibliographic_record,IAST,medium,publisher_imprint,edition_of,SVK-0007,CORE_STHANAKAVASI,MEDIUM,Publisher imprint: Shri Shvetambar Sthanak Vasi Jain Conference,LEXICON,Muni Ratnachandra,Shri Shvetambar Sthanakvasi Jain Conference,"{""acquisition_repository"": ""internet_archive"", ""curation_status"": ""CURATED"", ""identifier"": ""pqpj_ardha-magadhi-kosh-and-maharashti-deshya-prakrit-kosh-ed-by-ratna-chandra-1938-a"", ""license_evidence_url"": ""https://archive.org/details/pqpj_ardha-magadhi-kosh-and-maharashti-deshya-prakrit-kosh-ed-by-ratna-chandra-1938-a"", ""manifest_origin"": ""new_sources"", ""repository"": ""Internet Archive"", ""source_url"": ""https://archive.org/details/pqpj_ardha-magadhi-kosh-and-maharashti-deshya-prakrit-kosh-ed-by-ratna-chandra-1938-a""}",Flagship Round-2 item: Sthanakvasi Conference imprint + Prakrit lexicon incl. Maharashtri Desya coverage. CC0 assertion is uploader metadata only; the gate must land WITH_CONDITIONS and the release floor will hold it out until the death year is documented. :: Flagship Round-2 item (Sthanakvasi Conference Prakrit lexicon with Maharashtri Desya section). Gate lands WITH_CONDITIONS; release floor holds it out of both products until the death year is documented. Top Round-3 permission/research target.,Ardha-Magadhi Kosa with Maharashtri Desya Prakrit Kosa,DICTIONARY_PRAKRIT,unknown,true,false,true,CURATED,internet_archive,pqpj_ardha-magadhi-kosh-and-maharashti-deshya-prakrit-kosh-ed-by-ratna-chandra-1938-a,UNMEASURED,no,HIGH,MEDIUM,HIGH,HIGH,RAG_PENDING_RIGHTS
SVK-2002,An Illustrated Ardha Magadhi Dictionary Gujarati (1932),A. C. Woolner (ed.),SS Jain Conference (original publisher); DLI scan,1932,JAIN,STHANAKAVASI,unknown,Prakrit;Gujarati,Gujarati,https://archive.org/details/in.ernet.dli.2015.399871,https://archive.org/download/in.ernet.dli.2015.399871/,Internet Archive,DjVuTXT;PDF,public domain on documented facts,https://en.wikipedia.org/wiki/Alfred_Cooper_Woolner,"Editor Alfred C. Woolner died 1936-01-07 (Wikipedia; Wikidata Q4647084). 1936+60=1996 < 2026, so the copyright term has expired. The DLI scan itself carries no rights fields; the basis is the expired term, not platform metadata.",TRAINING_ALLOWED (R25_LIFE_PLUS_60_EXPIRED),YES,YES,medium,CANDIDATE,PENDING,true,none,none,Middle Indo-Aryan,Ardhamagadhi (headwords),medium,bibliographic_record,IAST,medium,publisher_imprint,edition_of,SVK-2004,CORE_STHANAKAVASI,MEDIUM,Publisher imprint (SS Jain Conference) on Woolner-edited Gujarati-script edition,LEXICON,A. C. Woolner (ed.),S S Jain Conference (Sthanakvasi),"{""acquisition_repository"": ""internet_archive"", ""curation_status"": ""CURATED"", ""identifier"": ""in.ernet.dli.2015.399871"", ""license_evidence_url"": ""https://en.wikipedia.org/wiki/Alfred_Cooper_Woolner"", ""manifest_origin"": ""new_sources"", ""repository"": ""Internet Archive"", ""source_url"": ""https://archive.org/details/in.ernet.dli.2015.399871""}",FIRST Gujarati-script Prakrit dictionary in the corpus. Woolner death year verified across Wikipedia and Wikidata; unlocks R25. Directly attacks the Gujarati-script=0 release gap. :: First Gujarati-script Prakrit dictionary admitted on a verified death year. Gujarati OCR quality unknown; measure before trusting.,"Ardha-Magadhi Dictionary, Gujarati-script edition",DICTIONARY_PRAKRIT,1936,false,false,true,CURATED,internet_archive,in.ernet.dli.2015.399871,UNMEASURED,no,MEDIUM,MEDIUM,HIGH,HIGH,TRAIN
SVK-2003,An Illustrated Ardha Magadhi Dictionary Philosophic & Scientific (1930),A. C. Woolner (ed.),SS Jain Conference (original publisher); DLI scan,1930,JAIN,STHANAKAVASI,unknown,Prakrit;Gujarati,Gujarati,https://archive.org/details/in.ernet.dli.2015.399872,https://archive.org/download/in.ernet.dli.2015.399872/,Internet Archive,DjVuTXT;PDF,public domain on documented facts,https://en.wikipedia.org/wiki/Alfred_Cooper_Woolner,Editor died 1936-01-07; 1930 publication; R25_LIFE_PLUS_60_EXPIRED. DLI scan carries no rights fields.,TRAINING_ALLOWED (R25_LIFE_PLUS_60_EXPIRED),YES,YES,medium,CANDIDATE,PENDING,true,none,none,Middle Indo-Aryan,Ardhamagadhi (headwords),medium,bibliographic_record,IAST,medium,publisher_imprint,edition_of,SVK-2004,CORE_STHANAKAVASI,MEDIUM,Publisher imprint (SS Jain Conference) on Woolner-edited edition,LEXICON,A. C. Woolner (ed.),S S Jain Conference (Sthanakvasi),"{""acquisition_repository"": ""internet_archive"", ""curation_status"": ""CURATED"", ""identifier"": ""in.ernet.dli.2015.399872"", ""license_evidence_url"": ""https://en.wikipedia.org/wiki/Alfred_Cooper_Woolner"", ""manifest_origin"": ""new_sources"", ""repository"": ""Internet Archive"", ""source_url"": ""https://archive.org/details/in.ernet.dli.2015.399872""}",1930 Woolner edition with philosophic/scientific terminology; same verified rights basis as SVK-2002. :: Same verified rights basis as SVK-2002; philosophic and scientific terminology volume.,"Ardha-Magadhi Dictionary, philosophic and scientific terminology",DICTIONARY_PRAKRIT,1936,false,false,true,CURATED,internet_archive,in.ernet.dli.2015.399872,UNMEASURED,no,MEDIUM,MEDIUM,HIGH,HIGH,TRAIN
SVK-2004,Ardha Magadhi Quadrilingual Dictionary Vol-2 (1927),A. C. Woolner (ed.),SS Jain Conference (original publisher); DLI scan,1927,JAIN,STHANAKAVASI,unknown,Prakrit;Sanskrit;Gujarati;Hindi,Devanagari;Gujarati,https://archive.org/details/in.ernet.dli.2015.399104,https://archive.org/download/in.ernet.dli.2015.399104/,Internet Archive,DjVuTXT;PDF,public domain on documented facts,https://en.wikipedia.org/wiki/Alfred_Cooper_Woolner,Editor died 1936-01-07; 1927 publication; R25 and pre-1930 R70 both apply.,TRAINING_ALLOWED (R25_LIFE_PLUS_60_EXPIRED),YES,YES,medium,CANDIDATE,PENDING,true,none,none,Middle Indo-Aryan,Ardhamagadhi (headwords),medium,bibliographic_record,IAST,medium,publisher_imprint,edition_of,SVK-0007,CORE_STHANAKAVASI,MEDIUM,Publisher imprint (SS Jain Conference) on quadrilingual edition,LEXICON,A. C. Woolner (ed.),S S Jain Conference (Sthanakvasi),"{""acquisition_repository"": ""internet_archive"", ""curation_status"": ""CURATED"", ""identifier"": ""in.ernet.dli.2015.399104"", ""license_evidence_url"": ""https://en.wikipedia.org/wiki/Alfred_Cooper_Woolner"", ""manifest_origin"": ""new_sources"", ""repository"": ""Internet Archive"", ""source_url"": ""https://archive.org/details/in.ernet.dli.2015.399104""}","Quadrilingual Prakrit-Sanskrit-Gujarati-Hindi edition. Possible duplicate of SVK-0007's Vol 2 scan; cross-edition dedup decides, edition metadata preserved. :: Quadrilingual edition. Possible overlap with SVK-0007 Vol 2 (1927): relation recorded, cross-edition dedup decides at unit level.",Ardha-Magadhi Quadrilingual Dictionary (pra/sa/gu/hi),DICTIONARY_PRAKRIT,1936,false,false,true,CURATED,internet_archive,in.ernet.dli.2015.399104,UNMEASURED,no,MEDIUM,MEDIUM,HIGH (possible same 1927 work as SVK-0007),HIGH,TRAIN
SVK-2005,"An Illustrated Ardha-magadhi Dictionary Vol-5 (1923, DLI scan)",Muni Ratnachandra Ji Maharaj,SS Jain Conference (original publisher); DLI scan,1923,JAIN,STHANAKAVASI,unknown,Prakrit;Hindi;Sanskrit,Devanagari;Latin,https://archive.org/details/in.ernet.dli.2015.342545,https://archive.org/download/in.ernet.dli.2015.342545/,Internet Archive,DjVuTXT;PDF,public domain on documented facts,https://archive.org/details/in.ernet.dli.2015.342545,"1923 publication, pre-1930 (R70). Compiler death year undocumented, so R25 is unavailable and license_confidence stays medium with verification required.",TRAINING_ALLOWED (R70_PRE_1930_PUBLICATION),YES,YES,medium,CANDIDATE,PENDING,true,none,none,Middle Indo-Aryan,Ardhamagadhi (headwords),medium,bibliographic_record,IAST,medium,publisher_imprint,edition_of,SVK-0007,CORE_STHANAKAVASI,MEDIUM,Publisher imprint (SS Jain Conference) per bibliographic record; DLI scan,LEXICON,Muni Ratnachandra Ji Maharaj,S S Jain Conference (Sthanakvasi),"{""acquisition_repository"": ""internet_archive"", ""curation_status"": ""CURATED"", ""identifier"": ""in.ernet.dli.2015.342545"", ""license_evidence_url"": ""https://archive.org/details/in.ernet.dli.2015.342545"", ""manifest_origin"": ""new_sources"", ""repository"": ""Internet Archive"", ""source_url"": ""https://archive.org/details/in.ernet.dli.2015.342545""}",Independent 1923 DLI scan of the dictionary volume SVK-0007 already carries; near-duplicate test across digitisations of the SAME edition. :: Independent 1923 DLI scan of dictionary vol 5; near-duplicate test against SVK-0007's scan of the same edition.,Ardha-Magadhi Dictionary vol 5,DICTIONARY_PRAKRIT,unknown,false,false,true,CURATED,internet_archive,in.ernet.dli.2015.342545,UNMEASURED,no,MEDIUM,MEDIUM,HIGH (same work as SVK-0007 vol 5),MEDIUM,TRAIN
SVK-2006,Paia-sadda-mahannavo: a comprehensive Prakrit-Hindi dictionary (1923),Hargovind Das T. Sheth (1888-1940),Calcutta (author-era publication); University of Toronto scan,1923,JAIN,UNKNOWN,unknown,Prakrit;Hindi;Sanskrit,Devanagari,https://archive.org/details/paiasaddamahaavo0000seth,https://archive.org/download/paiasaddamahaavo0000seth/,Internet Archive,DjVuTXT;PDF,public domain on documented facts,https://archive.org/details/paiasaddamahaavo0000seth,"Compiler dates 1888-1940 recorded in the IA bibliographic creator field; 1940+60=2000 < 2026 (R25). The Toronto scan carries no licence fields; the basis is the expired term, not platform metadata.",TRAINING_ALLOWED (R25_LIFE_PLUS_60_EXPIRED),YES,YES,medium,CANDIDATE,PENDING,true,none,none,Middle Indo-Aryan,unknown,medium,bibliographic_record,IAST,unknown,insufficient_evidence,,,CONTEXTUAL_JAIN,MEDIUM,Canonical Prakrit lexicon of Svetambara-wide scholarship; sect attribution unknown per manifest,LEXICON,Hargovind Das T. Sheth,Svetambara scholarship (sect unknown),"{""acquisition_repository"": ""internet_archive"", ""curation_status"": ""CURATED"", ""identifier"": ""paiasaddamahaavo0000seth"", ""license_evidence_url"": ""https://archive.org/details/paiasaddamahaavo0000seth"", ""manifest_origin"": ""new_sources"", ""repository"": ""Internet Archive"", ""source_url"": ""https://archive.org/details/paiasaddamahaavo0000seth""}","The canonical Prakrit lexicon (4 vols in 1, 1408 scans, University of Toronto). Sect attribution unknown - Svetambara-wide scholarship. IA OCR metadata reports detected language 'ne' (Nepali) at 1.0 confidence: retained as a live calibration example of untrustworthy OCR language detection. :: The canonical Prakrit lexicon, 4 vols in 1, 1408 scans. IA OCR metadata reports detected language 'ne' (Nepali) at confidence 1.0 for a Prakrit-Hindi dictionary: retained as a live example of why OCR language detection is never trusted.",Paia-sadda-mahannavo,DICTIONARY_PRAKRIT,1940,false,false,true,CURATED,internet_archive,paiasaddamahaavo0000seth,UNMEASURED,no,HIGH,MEDIUM,LOW,UNKNOWN,TRAIN
SVK-2007,"Paia-Sadda-Mahannavo, Motilal Banarsidass edition (1928)",Hargovind Das T. Sheth (1888-1940),Motilal Banarsidass,1928,JAIN,UNKNOWN,unknown,Prakrit;Hindi,Devanagari,https://archive.org/details/in.ernet.dli.2015.348701,https://archive.org/download/in.ernet.dli.2015.348701/,Internet Archive,DjVuTXT;PDF,public domain on documented facts,https://archive.org/details/in.ernet.dli.2015.348701,Compiler died 1940; 1928 publication; R25. DLI scan carries no rights fields.,TRAINING_ALLOWED (R25_LIFE_PLUS_60_EXPIRED),YES,YES,medium,CANDIDATE,PENDING,true,none,none,Middle Indo-Aryan,unknown,medium,bibliographic_record,IAST,unknown,insufficient_evidence,edition_of,SVK-2006,CONTEXTUAL_JAIN,MEDIUM,Motilal Banarsidass edition of SVK-2006; same scope basis,LEXICON,Hargovind Das T. Sheth,Svetambara scholarship (sect unknown),"{""acquisition_repository"": ""internet_archive"", ""curation_status"": ""CURATED"", ""identifier"": ""in.ernet.dli.2015.348701"", ""license_evidence_url"": ""https://archive.org/details/in.ernet.dli.2015.348701"", ""manifest_origin"": ""new_sources"", ""repository"": ""Internet Archive"", ""source_url"": ""https://archive.org/details/in.ernet.dli.2015.348701""}",Motilal Banarsidass edition of SVK-2006; relation_type=edition_of. Cross-edition near-duplicate test case like SVK-1002/1003. :: MLB edition of SVK-2006; relation_type=edition_of; cross-edition near-duplicate test case.,Paia-sadda-mahannavo (MLB edition),DICTIONARY_PRAKRIT,1940,false,false,true,CURATED,internet_archive,in.ernet.dli.2015.348701,UNMEASURED,no,MEDIUM,MEDIUM,HIGH (same work as SVK-2006),UNKNOWN,TRAIN
SVK-2008,Woolner's Introduction To Prakrit (1917),Alfred C. Woolner,unknown,1917,JAIN,UNKNOWN,unknown,English,Latin,https://archive.org/details/IntroductionToPrakritWoolner_bookmarked,https://archive.org/download/IntroductionToPrakritWoolner_bookmarked/,Internet Archive,PDF (bookmarked born-digital),public domain on documented facts,https://en.wikipedia.org/wiki/Alfred_Cooper_Woolner,Author died 1936-01-07; 1917 publication; R25 and R70 both apply.,TRAINING_ALLOWED (R25_LIFE_PLUS_60_EXPIRED),YES,YES,medium,CANDIDATE,PENDING,true,none,none,,,high,bibliographic_record,IAST,unknown,insufficient_evidence,,,CONTEXTUAL_JAIN,MEDIUM,Standard Prakrit grammar; sect-neutral linguistic scholarship,GRAMMAR (Prakrit,,,"{""acquisition_repository"": ""internet_archive"", ""curation_status"": ""CURATED"", ""identifier"": ""IntroductionToPrakritWoolner_bookmarked"", ""license_evidence_url"": ""https://en.wikipedia.org/wiki/Alfred_Cooper_Woolner"", ""manifest_origin"": ""new_sources"", ""repository"": ""Internet Archive"", ""source_url"": ""https://archive.org/details/IntroductionToPrakritWoolner_bookmarked""}",Standard English grammar of Prakrit; born-digital bookmarked PDF. Supports segmentation and transliteration validation. :: Born-digital bookmarked PDF; expects a text layer rather than OCR. Standard English grammar of Prakrit.,Introduction to Prakrit,GRAMMAR_PRAKRIT,1936,false,false,false,CURATED,internet_archive,IntroductionToPrakritWoolner_bookmarked,UNMEASURED,no,HIGH,HIGH,LOW,UNKNOWN,TRAIN
SVK-2009,"Introduction To Prakrit, Motilal Banarsidass edition (1928)",Alfred C. Woolner,Motilal Banarsidass,1928,JAIN,UNKNOWN,unknown,English,Latin,https://archive.org/details/in.ernet.dli.2015.65389,https://archive.org/download/in.ernet.dli.2015.65389/,Internet Archive,DjVuTXT;PDF,public domain on documented facts,https://en.wikipedia.org/wiki/Alfred_Cooper_Woolner,Author died 1936-01-07; 1928 publication; R25. DLI scan carries no rights fields.,TRAINING_ALLOWED (R25_LIFE_PLUS_60_EXPIRED),YES,YES,medium,CANDIDATE,PENDING,true,none,none,,,high,bibliographic_record,IAST,unknown,insufficient_evidence,edition_of,SVK-2008,CONTEXTUAL_JAIN,MEDIUM,Revised edition of SVK-2008; same basis,GRAMMAR (Prakrit,,,"{""acquisition_repository"": ""internet_archive"", ""curation_status"": ""CURATED"", ""identifier"": ""in.ernet.dli.2015.65389"", ""license_evidence_url"": ""https://en.wikipedia.org/wiki/Alfred_Cooper_Woolner"", ""manifest_origin"": ""new_sources"", ""repository"": ""Internet Archive"", ""source_url"": ""https://archive.org/details/in.ernet.dli.2015.65389""}",Revised edition of SVK-2008; relation_type=edition_of.,Introduction to Prakrit (MLB edition),GRAMMAR_PRAKRIT,1936,false,false,true,CURATED,internet_archive,in.ernet.dli.2015.65389,UNMEASURED,no,MEDIUM,MEDIUM,HIGH (same work as SVK-2008),UNKNOWN,TRAIN
SVK-2010,Jain Sathan Kavasi (1928),Swami Jitmal,unknown,1928,JAIN,STHANAKAVASI,unknown,Gujarati,Gujarati,https://archive.org/details/in.ernet.dli.2015.306075,https://archive.org/download/in.ernet.dli.2015.306075/,Internet Archive,DjVuTXT;PDF,public domain on documented facts,https://archive.org/details/in.ernet.dli.2015.306075,"1928 publication, pre-1930 (R70). Author death year undocumented.",TRAINING_ALLOWED (R70_PRE_1930_PUBLICATION),YES,YES,medium,CANDIDATE,PENDING,true,none,none,Indo-Aryan (Modern),,medium,bibliographic_record,,medium,title_and_bibliographic_record,,,CORE_STHANAKAVASI,MEDIUM,Title names the sect directly in period transliteration (Sathan Kavasi); bibliographic corroboration,SECT LITERATURE,Swami Jitmal,unknown,"{""acquisition_repository"": ""internet_archive"", ""curation_status"": ""CURATED"", ""identifier"": ""in.ernet.dli.2015.306075"", ""license_evidence_url"": ""https://archive.org/details/in.ernet.dli.2015.306075"", ""manifest_origin"": ""new_sources"", ""repository"": ""Internet Archive"", ""source_url"": ""https://archive.org/details/in.ernet.dli.2015.306075""}","Only discovered title that names the Sthanakvasi sect directly (period transliteration 'Sathan Kavasi'), in Gujarati. Sect attribution from title + bibliographic record: medium confidence, never upgraded silently. :: Title names the sect directly in period transliteration; sect_confidence medium on title_and_bibliographic_record basis - never upgraded silently.",Jain Sathan Kavasi (Gujarati),SECT_LITERATURE_GUJARATI,unknown,false,false,true,CURATED,internet_archive,in.ernet.dli.2015.306075,UNMEASURED,no,MEDIUM,MEDIUM,LOW,MEDIUM,TRAIN
SVK-2011,Aadhyatm Saar (1913),Yashovijay Upadhyay,unknown,1913,JAIN,UNKNOWN,unknown,Gujarati,Gujarati,https://archive.org/details/in.ernet.dli.2015.306580,https://archive.org/download/in.ernet.dli.2015.306580/,Internet Archive,DjVuTXT;PDF,public domain on documented facts,https://archive.org/details/in.ernet.dli.2015.306580,"1913 publication, pre-1930 (R70). Author death year undocumented.",TRAINING_ALLOWED (R70_PRE_1930_PUBLICATION),YES,YES,medium,CANDIDATE,PENDING,true,none,none,Indo-Aryan (Modern),,medium,bibliographic_record,,unknown,insufficient_evidence,,,UNKNOWN,UNKNOWN,Early modern Gujarati Jain prose; sect deliberately not labelled without evidence,PHILOSOPHY (Gujarati),Yashovijay Upadhyay,unknown,"{""acquisition_repository"": ""internet_archive"", ""curation_status"": ""CURATED"", ""identifier"": ""in.ernet.dli.2015.306580"", ""license_evidence_url"": ""https://archive.org/details/in.ernet.dli.2015.306580"", ""manifest_origin"": ""new_sources"", ""repository"": ""Internet Archive"", ""source_url"": ""https://archive.org/details/in.ernet.dli.2015.306580""}",Early modern Gujarati Jain prose; sect unknown and NOT labelled Sthanakvasi. Gujarati-script retrieval gap filler. :: Early modern Gujarati Jain prose; sect unknown and deliberately not labelled Sthanakvasi.,Adhyatma Sar (Gujarati),PHILOSOPHY_GUJARATI,unknown,false,false,true,CURATED,internet_archive,in.ernet.dli.2015.306580,UNMEASURED,no,MEDIUM,MEDIUM,UNKNOWN,UNKNOWN,TRAIN
SVK-2012,Navyugno Jain (1921),Tapadiya Girdarlal,unknown,1921,JAIN,UNKNOWN,unknown,Gujarati,Gujarati,https://archive.org/details/in.ernet.dli.2015.306156,https://archive.org/download/in.ernet.dli.2015.306156/,Internet Archive,DjVuTXT;PDF,public domain on documented facts,https://archive.org/details/in.ernet.dli.2015.306156,"1921 publication, pre-1930 (R70).",TRAINING_ALLOWED (R70_PRE_1930_PUBLICATION),YES,YES,medium,CANDIDATE,PENDING,true,none,none,Indo-Aryan (Modern),,medium,bibliographic_record,,unknown,insufficient_evidence,,,UNKNOWN,UNKNOWN,Generic modern-era Jain Gujarati; retrieval/background value only,SECONDARY SCHOLARSHIP,Tapadiya Girdarlal,unknown,"{""acquisition_repository"": ""internet_archive"", ""curation_status"": ""CURATED"", ""identifier"": ""in.ernet.dli.2015.306156"", ""license_evidence_url"": ""https://archive.org/details/in.ernet.dli.2015.306156"", ""manifest_origin"": ""new_sources"", ""repository"": ""Internet Archive"", ""source_url"": ""https://archive.org/details/in.ernet.dli.2015.306156""}",Generic modern-era Jain Gujarati; retrieval/background value only (P3). :: Generic modern-era Jain Gujarati; P3 retrieval/background value.,Navyugano Jain (Gujarati),SECONDARY_SCHOLARSHIP,unknown,false,false,true,CURATED,internet_archive,in.ernet.dli.2015.306156,UNMEASURED,no,MEDIUM,MEDIUM,UNKNOWN,UNKNOWN,TRAIN
SVK-2013,Jain Dharm Praves Pothi Bhag 1 (1908),unknown,unknown,1908,JAIN,UNKNOWN,unknown,Gujarati,Gujarati,https://archive.org/details/in.ernet.dli.2015.358432,https://archive.org/download/in.ernet.dli.2015.358432/,Internet Archive,DjVuTXT;PDF,public domain on documented facts,https://archive.org/details/in.ernet.dli.2015.358432,"1908 publication, pre-1930 (R70).",TRAINING_ALLOWED (R70_PRE_1930_PUBLICATION),YES,YES,medium,CANDIDATE,PENDING,true,none,none,Indo-Aryan (Modern),,medium,bibliographic_record,,unknown,insufficient_evidence,,,UNKNOWN,UNKNOWN,Introductory dharma primer; publisher unknown,EDUCATIONAL,unknown,unknown,"{""acquisition_repository"": ""internet_archive"", ""curation_status"": ""CURATED"", ""identifier"": ""in.ernet.dli.2015.358432"", ""license_evidence_url"": ""https://archive.org/details/in.ernet.dli.2015.358432"", ""manifest_origin"": ""new_sources"", ""repository"": ""Internet Archive"", ""source_url"": ""https://archive.org/details/in.ernet.dli.2015.358432""}",Earliest Gujarati Jain candidate found this round; introductory dharma primer. :: Earliest Gujarati Jain candidate found this round.,Jain Dharma Pravesh Pothi 1 (Gujarati),INTRODUCTORY_GUJARATI,unknown,false,false,true,CURATED,internet_archive,in.ernet.dli.2015.358432,UNMEASURED,no,MEDIUM,MEDIUM,UNKNOWN,UNKNOWN,TRAIN
SVK-2014,Jain Sajjhaimala Bhag-4 (1927),Chaganlal Shah,unknown,1927,JAIN,UNKNOWN,unknown,Gujarati,Gujarati,https://archive.org/details/in.ernet.dli.2015.358666,https://archive.org/download/in.ernet.dli.2015.358666/,Internet Archive,DjVuTXT;PDF,public domain on documented facts,https://archive.org/details/in.ernet.dli.2015.358666,"1927 publication, pre-1930 (R70).",TRAINING_ALLOWED (R70_PRE_1930_PUBLICATION),YES,YES,medium,CANDIDATE,PENDING,true,none,none,Indo-Aryan (Modern),,medium,bibliographic_record,,unknown,insufficient_evidence,,,UNKNOWN,UNKNOWN,Sajjhaya practice literature is Sthanakvasi-adjacent but this edition's sectarian identity is unverified,PRACTICE LITERATURE (sajjhaya),Chaganlal Shah,unknown,"{""acquisition_repository"": ""internet_archive"", ""curation_status"": ""CURATED"", ""identifier"": ""in.ernet.dli.2015.358666"", ""license_evidence_url"": ""https://archive.org/details/in.ernet.dli.2015.358666"", ""manifest_origin"": ""new_sources"", ""repository"": ""Internet Archive"", ""source_url"": ""https://archive.org/details/in.ernet.dli.2015.358666""}","Sajjhaya practice literature is Sthanakvasi-adjacent, but this edition's sectarian identity is unverified: sect stays unknown with a curation note, never upgraded for convenience. :: Sajjhaya practice literature is Sthanakvasi-adjacent; the edition's sectarian identity is unverified, so sect stays unknown with the evidence recorded.",Jain Sajjhay Mala 4 (Gujarati),PRACTICE_LITERATURE_GUJARATI,unknown,false,false,true,CURATED,internet_archive,in.ernet.dli.2015.358666,UNMEASURED,no,MEDIUM,MEDIUM,UNKNOWN,UNKNOWN,TRAIN
SVK-2015,Sri Avasyaka Sutra Part-i (1928),Bhadrabahu,"Surat, Sheth Devchand Lalbhai Jain Pustakbhandar",1928,JAIN,UNKNOWN,unknown,san,Devanagari,https://archive.org/details/in.ernet.dli.2015.406853,https://archive.org/download/in.ernet.dli.2015.406853/,Internet Archive,DjVuTXT;PDF,none declared,https://archive.org/details/in.ernet.dli.2015.406853,DLI item no rights metadata. 1928 publication pre-1930. Avashyaka Sutra.,TRAINING_ALLOWED (R70_PRE_1930_PUBLICATION),CONDITIONAL,CONDITIONAL,low,CANDIDATE,PENDING,true,n/a (Sanskrit/Prakrit canonical),none,,,,,,,,,,,,,,,,"{""acquisition_repository"": ""internet_archive"", ""curation_status"": ""CURATED"", ""identifier"": ""in.ernet.dli.2015.406853"", ""license_evidence_url"": ""https://archive.org/details/in.ernet.dli.2015.406853"", ""manifest_origin"": ""new_sources"", ""repository"": ""Internet Archive"", ""source_url"": ""https://archive.org/details/in.ernet.dli.2015.406853""}",Avashyaka Sutra Part 1 by Bhadrabahu. Covers six obligatory duties (Avashyaka). Pre-1930 publication. Publisher: Surat :: Avashyaka Sutra Part 1 by Bhadrabahu. Publisher: Surat,Sri Avasyaka Sutra Part-i,CANONICAL,unknown,false,false,true,CURATED,internet_archive,in.ernet.dli.2015.406853,UNMEASURED,no,MEDIUM,LOW,UNKNOWN,HIGH,TRAIN
SVK-2016,Panch-pratikraman (1928),Jain Kashinathji,"Bikaner, Champalal Gani Jain Grantmala",1928,JAIN,UNKNOWN,unknown,hi,Devanagari,https://archive.org/details/in.ernet.dli.2015.445046,https://archive.org/download/in.ernet.dli.2015.445046/,Internet Archive,DjVuTXT;PDF,none declared,https://archive.org/details/in.ernet.dli.2015.445046,DLI item no rights metadata. 1928 publication pre-1930.,TRAINING_ALLOWED (R70_PRE_1930_PUBLICATION),CONDITIONAL,CONDITIONAL,low,CANDIDATE,PENDING,true,n/a (Hindi practice text),none,,,,,,,,,,,,,,,,"{""acquisition_repository"": ""internet_archive"", ""curation_status"": ""CURATED"", ""identifier"": ""in.ernet.dli.2015.445046"", ""license_evidence_url"": ""https://archive.org/details/in.ernet.dli.2015.445046"", ""manifest_origin"": ""new_sources"", ""repository"": ""Internet Archive"", ""source_url"": ""https://archive.org/details/in.ernet.dli.2015.445046""}",Panch-pratikraman Hindi practice text. Publisher: Bikaner,Panch-pratikraman,PRACTICE,unknown,false,false,true,CURATED,internet_archive,in.ernet.dli.2015.445046,UNMEASURED,no,MEDIUM,LOW,UNKNOWN,HIGH,TRAIN
SVK-2017,Pratikraman Sutra Arth Ane Sanvado Sahit (1939),unknown,Gujrat Vidyapith Library,1939,JAIN,UNKNOWN,unknown,gu,Gujarati,https://archive.org/details/dli.ernet.520259,https://archive.org/download/dli.ernet.520259/,Internet Archive,DjVuTXT;PDF,none declared,https://archive.org/details/dli.ernet.520259,DLI item no rights metadata. 1939 publication.,WITH_CONDITIONS (R95_CHRONOLOGY_UNRESOLVED),CONDITIONAL,CONDITIONAL,low,CANDIDATE,PENDING,true,n/a (Gujarati practice text),none,,,,,,,,,,,,,,,,"{""acquisition_repository"": ""internet_archive"", ""curation_status"": ""CURATED"", ""identifier"": ""dli.ernet.520259"", ""license_evidence_url"": ""https://archive.org/details/dli.ernet.520259"", ""manifest_origin"": ""new_sources"", ""repository"": ""Internet Archive"", ""source_url"": ""https://archive.org/details/dli.ernet.520259""}",Pratikraman Sutra with meaning and dialogue in Gujarati. Source library: Gujrat Vidyapith Library. Covers Pratikraman practice.,Pratikraman Sutra,PRACTICE,unknown,false,false,true,CURATED,internet_archive,dli.ernet.520259,UNMEASURED,no,MEDIUM,LOW,UNKNOWN,HIGH,TRAIN
SVK-2018,Shrawak Pratikraman Sutra,Shastri Vijay Muni,"Aagara, Sanmati Gianpith",unknown,JAIN,UNKNOWN,unknown,hi,Devanagari,https://archive.org/details/in.ernet.dli.2015.341224,https://archive.org/download/in.ernet.dli.2015.341224/,Internet Archive,DjVuTXT;PDF,none declared,https://archive.org/details/in.ernet.dli.2015.341224,DLI item with copyright permitted per dc.rights.,UNKNOWN (R99_INSUFFICIENT_EVIDENCE),CONDITIONAL,CONDITIONAL,low,CANDIDATE,PENDING,true,n/a (Hindi practice text),none,,,,,,,,,,,,,,,,"{""acquisition_repository"": ""internet_archive"", ""curation_status"": ""CURATED"", ""identifier"": ""in.ernet.dli.2015.341224"", ""license_evidence_url"": ""https://archive.org/details/in.ernet.dli.2015.341224"", ""manifest_origin"": ""new_sources"", ""repository"": ""Internet Archive"", ""source_url"": ""https://archive.org/details/in.ernet.dli.2015.341224""}",Shrawak Pratikraman Sutra by Shastri Vijay Muni. Publisher: Aagara,Shrawak Pratikraman Sutra,PRACTICE,unknown,false,false,true,CURATED,internet_archive,in.ernet.dli.2015.341224,UNMEASURED,no,MEDIUM,LOW,UNKNOWN,HIGH,TRAIN
SVK-2019,Shri Kalpasutra Mul Or Hindi Bhashantar (1916),Manakmuni Maharaj,"Ajmer, Jain Printing Press",1916,JAIN,UNKNOWN,unknown,sa;hi,Devanagari,https://archive.org/details/in.ernet.dli.2015.344399,https://archive.org/download/in.ernet.dli.2015.344399/,Internet Archive,DjVuTXT;PDF,Copyright permitted,https://archive.org/details/in.ernet.dli.2015.344399,DLI item copyright permitted. 1916 publication pre-1930 (R70).,TRAINING_ALLOWED (R70_PRE_1930_PUBLICATION),YES,YES,medium,CANDIDATE,PENDING,true,n/a (Sanskrit/Hindi canonical),none,Indo-Aryan,Sanskrit original + Hindi translation,medium,bibliographic_record,,unknown,insufficient_evidence,,,UNKNOWN,UNKNOWN,"Kalpa Sutra core canonical text (AGAM-015). Prakrit original + Hindi translation. Tirthankara biographies, monastic rules, ritual procedures.",CANONICAL,Manakmuni Maharaj,unknown,,"Kalpa Sutra with Prakrit original and Hindi translation. Publisher: Ajmer, Jain Printing Press. 244 pages.",Kalpa Sutra (Sanskrit+Hindi),AGAM,unknown,false,Copyright permitted,false,true,CURATED,internet_archive,in.ernet.dli.2015.344399,UNMEASURED,no,MEDIUM,MEDIUM,UNKNOWN,UNKNOWN
SVK-2020,Uttara Adhyayan Sutra Vol I (1918),Shashi Kant Jha,"Samyak Gyan Pracharak Mandal, Jaipur",1918,JAIN,UNKNOWN,unknown,sa,Devanagari,https://archive.org/details/in.ernet.dli.2015.548771,https://archive.org/download/in.ernet.dli.2015.548771/,Internet Archive,DjVuTXT;PDF,none declared,https://archive.org/details/in.ernet.dli.2015.548771,DLI item. 1918 publication pre-1930 (R70). No explicit rights statement.,TRAINING_ALLOWED (R70_PRE_1930_PUBLICATION),YES,YES,low,CANDIDATE,PENDING,true,n/a (Sanskrit canonical),none,Indo-Aryan,Sanskrit with critical apparatus,medium,bibliographic_record,,unknown,insufficient_evidence,,,UNKNOWN,UNKNOWN,"Uttaradhyayana Sutra Vol I in Sanskrit with critical apparatus. Mulasutra (AGAM-013). Ethical guidelines, monastic rules, practice instructions.",CANONICAL,Shashi Kant Jha,unknown,,"Uttaradhyayana Sutra Vol I. Sanskrit with critical apparatus. Publisher: Samyak Gyan Pracharak Mandal, Jaipur. 340 pages.",Uttaradhyayana Sutra (Sanskrit),AGAM,unknown,false,not explicitly stated,false,true,CURATED,internet_archive,in.ernet.dli.2015.548771,UNMEASURED,no,MEDIUM,MEDIUM,UNKNOWN,UNKNOWN
SVK-2021,Shri Utradhyayan Sutar Agam Seva (1920),Jain Sandip,unknown,1920,JAIN,UNKNOWN,unknown,hi,Devanagari,https://archive.org/details/in.ernet.dli.2015.545305,https://archive.org/download/in.ernet.dli.2015.545305/,Internet Archive,DjVuTXT;PDF,none declared,https://archive.org/details/in.ernet.dli.2015.545305,DLI item. 1920 publication pre-1930 (R70). No explicit rights statement.,TRAINING_ALLOWED (R70_PRE_1930_PUBLICATION),YES,YES,low,CANDIDATE,PENDING,true,n/a (Hindi canonical translation),none,Indo-Aryan,Hindi translation,medium,bibliographic_record,,unknown,insufficient_evidence,,,UNKNOWN,UNKNOWN,"Uttaradhyayana Sutra in Hindi translation (Agam Seva series). Mulasutra (AGAM-013). Ethical guidelines, monastic rules, practice instructions.",CANONICAL,Jain Sandip,unknown,,Uttaradhyayana Sutra Hindi translation (Agam Seva). Publisher unknown. 216 pages.,Uttaradhyayana Sutra (Hindi),AGAM,unknown,false,not explicitly stated,false,true,CURATED,internet_archive,in.ernet.dli.2015.545305,UNMEASURED,no,MEDIUM,MEDIUM,UNKNOWN,UNKNOWN
SVK-2022,Agam 28 Mool 01 Aavashyak Sutra Sthanakvasi,Amarmuni,Padma Prakashan,2012,SHWETAMBAR,STHANAKAVASI,Sthanakvasi,pra;hi,Devanagari,https://jainqq.org/explore/002489,https://jainqq.org/booktext/Agam_28_Mool_01_Aavashyak_Sutra_Sthanakvasi_Romanized/002489,JainQQ,book_text,JAIN EDUCATION INTERNATIONAL FOR PRIVATE AND PERSONAL USE ONLY,https://jainqq.org/explore/002489,JainQQ stated terms,NEEDS_PERMISSION (R93_RESTRICTIVE_TERMS),UNKNOWN,UNKNOWN,low,CANDIDATE,ACQUIRED,false,n/a,commentary,Indo-Aryan,Prakrit;Hindi,high,title_and_author,romanized,high,title_explicitly_identifies_sthanakvasi_edition,,,STHANAKAVASI,HIGH,title_and_author_and_publisher_all_confirm_sthanakvasi,CANONICAL,Amarmuni,Sthanakvasi Agam commentator,JainQQ direct text download,RIGHTS EVIDENCE: jainqq.org/explore/002489 catalog: Publication Year 2012,CRITICAL: Contains ALL six Avashyakas with Prakrit mool + Hindi explanation. Fills 6/8 practice gaps.,Avashyak Sutra (Sthanakvasi edition),AGAM;PRACTICE,unknown,false,JainQQ stated terms,false,true,CURATED,jainqq,002489,UNMEASURED,no,HIGH,HIGH,UNKNOWN
SVK-2023,Agam 30 mool 03 Uttaradhyayana Sutra Sthanakvasi,Amarmuni,Padma Prakashan,2011,SHWETAMBAR,STHANAKAVASI,Sthanakvasi,pra;hi,Devanagari,https://jainqq.org/explore/002494,https://jainqq.org/booktext/Agam_30_mool_03_Uttaradhyayana_Sutra_Sthanakvasi_Romanized/002494,JainQQ,book_text,JAIN EDUCATION INTERNATIONAL FOR PRIVATE AND PERSONAL USE ONLY,https://jainqq.org/explore/002494,JainQQ stated terms,NEEDS_PERMISSION (R93_RESTRICTIVE_TERMS),UNKNOWN,UNKNOWN,low,CANDIDATE,ACQUIRED,false,n/a,commentary,Indo-Aryan,Prakrit;Hindi,high,title_and_author,romanized,high,title_explicitly_identifies_sthanakvasi_edition,,,STHANAKAVASI,HIGH,title_and_author_and_publisher_all_confirm_sthanakvasi,CANONICAL,Amarmuni,Sthanakvasi Agam commentator,JainQQ direct text download,RIGHTS EVIDENCE: jainqq.org/explore/002494 catalog: Publication Year 2011,Sthanakvasi edition of Uttaradhyayana with Hindi commentary by Amarmuni.,Uttaradhyayana Sutra (Sthanakvasi edition),AGAM,unknown,false,JainQQ stated terms,false,true,CURATED,jainqq,002494,UNMEASURED,no,HIGH,HIGH,UNKNOWN
SVK-2024,Pratikraman - Observance of Self Reflection,Pravin K Shah,JAINA Education Committee,,UNKNOWN,UNKNOWN,unknown,en,Latin,https://jainqq.org/explore/200026,https://jainqq.org/booktext/Pratikraman_-_Observance_of_Self_Reflection/200026,JainQQ,book_text,JAIN EDUCATION INTERNATIONAL FOR PRIVATE AND PERSONAL USE ONLY,https://jainqq.org/explore/200026,JainQQ stated terms,NEEDS_PERMISSION (R93_RESTRICTIVE_TERMS),UNKNOWN,UNKNOWN,low,CANDIDATE,ACQUIRED,false,n/a,none,Indo-Aryan,English,high,title_and_author,none,medium,title_identifies_practice_content,,,UNKNOWN,UNKNOWN,title_identifies_practice_content,PRACTICE,Pravin K Shah,unknown,JainQQ direct text download,,English Pratikraman explanation. Published by JAINA Education Committee.,Pratikraman,PRACTICE,unknown,false,JainQQ stated terms,false,true,CURATED,jainqq,200026,UNMEASURED,no,MEDIUM,MEDIUM,UNKNOWN
SVK-2025,Agam 03 Ang 03 Sthanang Sutra Part 01 Sthanakvasi,"Amarmuni, Shreechand Surana",Padma Prakashan,,SHWETAMBAR,STHANAKAVASI,Sthanakvasi,pra;hi,Devanagari,https://jainqq.org/explore/002905,https://jainqq.org/booktext/Agam_03_Ang_03_Sthanang_Sutra_Part_01_Sthanakvasi/002905,JainQQ,book_text,JAIN EDUCATION INTERNATIONAL FOR PRIVATE AND PERSONAL USE ONLY,https://jainqq.org/explore/002905,JainQQ stated terms,NEEDS_PERMISSION (R93_RESTRICTIVE_TERMS),UNKNOWN,UNKNOWN,low,CANDIDATE,ACQUIRED,false,n/a,commentary,Indo-Aryan,Prakrit;Hindi,high,title_and_author,romanized,high,title_explicitly_identifies_sthanakvasi_edition,,,STHANAKAVASI,HIGH,title_and_author_and_publisher_all_confirm_sthanakvasi,CANONICAL,Amarmuni,Sthanakvasi Agam commentator,JainQQ direct text download,,Sthanakvasi edition of Sthanang Sutra (3rd Anga). Part of core Agam corpus.,Sthanang Sutra (Sthanakvasi edition),AGAM,unknown,false,JainQQ stated terms,false,true,CURATED,jainqq,002905,UNMEASURED,no,HIGH,HIGH,UNKNOWN
SVK-2026,Agam 29 Mool 02 Dasvaikalik Sutra Sthanakvasi,"Shayyambhavsuri, Amarmuni, Shreechand Surana",Padma Prakashan,,SHWETAMBAR,STHANAKAVASI,Sthanakvasi,pra;hi,Devanagari,https://jainqq.org/explore/007649,https://jainqq.org/booktext/Agam_29_Mool_02_Dasvaikalik_Sutra_Sthanakvasi_Romanized/007649,JainQQ,book_text,JAIN EDUCATION INTERNATIONAL FOR PRIVATE AND PERSONAL USE ONLY,https://jainqq.org/explore/007649,JainQQ stated terms,NEEDS_PERMISSION (R93_RESTRICTIVE_TERMS),UNKNOWN,UNKNOWN,low,CANDIDATE,ACQUIRED,false,n/a,commentary,Indo-Aryan,Prakrit;Hindi,high,title_and_author,romanized,high,title_explicitly_identifies_sthanakvasi_edition,,,STHANAKAVASI,HIGH,title_and_author_and_publisher_all_confirm_sthanakvasi,CANONICAL,Amarmuni,Sthanakvasi Agam commentator,JainQQ direct text download,,Sthanakvasi edition of Dasvaikalik Sutra (Mulasutra). Contains practice references.,Dasvaikalik Sutra (Sthanakvasi edition),AGAM,unknown,false,JainQQ stated terms,false,true,CURATED,jainqq,007649,UNMEASURED,no,HIGH,HIGH,UNKNOWN
SVK-2027,Sthanakvasi Jain Itihas,Kesrichand Bhandari,Sthanakvasi Jain Karyalay,,SHWETAMBAR,STHANAKAVASI,Sthanakvasi,gu,Gujarati,https://jainqq.org/explore/020753,https://jainqq.org/booktext/Sthanakvasi_Jain_Itihas/020753,JainQQ,book_text,JAIN EDUCATION INTERNATIONAL FOR PRIVATE AND PERSONAL USE ONLY,https://jainqq.org/explore/020753,JainQQ stated terms,NEEDS_PERMISSION (R93_RESTRICTIVE_TERMS),UNKNOWN,UNKNOWN,low,CANDIDATE,ACQUIRED,false,n/a,none,Indo-Aryan,Gujarati,high,title_and_publisher,none,high,title_and_publisher_both_confirm_sthanakvasi,,,STHANAKAVASI,HIGH,title_and_publisher_both_confirm_sthanakvasi,HISTORY,Kesrichand Bhandari,unknown,JainQQ direct text download,,Sthanakvasi-specific history text in Gujarati. Published by Sthanakvasi Jain Karyalay.,Sthanakvasi Jain Itihas,HISTORY,unknown,false,JainQQ stated terms,false,true,CURATED,jainqq,020753,UNMEASURED,no,HIGH,HIGH,UNKNOWN
SVK-2028,Inner Journey Part 01,Namramuni,Parasdham Mumbai,,SHWETAMBAR,STHANAKAVASI,Sthanakvasi,hi;en,Devanagari;Latin,https://jainqq.org/explore/007615,https://jainqq.org/booktext/Inner_Journey_Part_01_Romanized/007615,JainQQ,book_text,JAIN EDUCATION INTERNATIONAL FOR PRIVATE AND PERSONAL USE ONLY,https://jainqq.org/explore/007615,JainQQ stated terms,NEEDS_PERMISSION (R93_RESTRICTIVE_TERMS),UNKNOWN,UNKNOWN,low,CANDIDATE,ACQUIRED,false,n/a,none,Indo-Aryan,Hindi;English,high,author_identity,romanized,high,author_is_confirmed_sthanakvasi_muni,,,STHANAKAVASI,HIGH,author_is_confirmed_sthanakvasi_muni,TEACHER_INTERPRETATION,Namramuni,Sthanakvasi Muni,JainQQ direct text download,,Modern Sthanakvasi teaching material by Namramuni. Published by Parasdham Mumbai.,Inner Journey,TEACHING,unknown,false,JainQQ stated terms,false,true,CURATED,jainqq,007615,UNMEASURED,no,HIGH,HIGH,UNKNOWN
SVK-2029,Agam 12 Upang 01 Aupapatik Sutra Sthanakvasi,"Amarmuni, Shreechand Surana",Padma Prakashan,,SHWETAMBAR,STHANAKAVASI,Sthanakvasi,pra;hi,Devanagari,https://jainqq.org/explore/002910,https://jainqq.org/booktext/Agam_12_Upang_01_Aupapatik_Sutra_Sthanakvasi/002910,JainQQ,book_text,JAIN EDUCATION INTERNATIONAL FOR PRIVATE AND PERSONAL USE ONLY,https://jainqq.org/explore/002910,JainQQ stated terms,NEEDS_PERMISSION (R93_RESTRICTIVE_TERMS),UNKNOWN,UNKNOWN,low,CANDIDATE,ACQUIRED,false,n/a,commentary,Indo-Aryan,Prakrit;Hindi,high,title_and_author,romanized,high,title_explicitly_identifies_sthanakvasi_edition,,,STHANAKAVASI,HIGH,title_and_author_and_publisher_all_confirm_sthanakvasi,CANONICAL,Amarmuni,Sthanakvasi Agam commentator,"JainQQ direct text do
",,,,,,,,,,,,,,,,,
SVK-2030,Agam 01 Ang 01 Acharanga Sutra Part 01 Sthanakvasi,Amarmuni,Padma Prakashan,,Svetambara,Sthanakvasi,Sthanakvasi,Hindi,Devanagari,https://jainqq.org/explore/007646,https://jainqq.org/explore/007646,JainQQ,HTML,TRAINING_ALLOWED,data/rights/jainqq_permission_evidence_v1.json,"Permission from Padma Prakashan (Sept 19, 2026)",Yes,Yes,Yes,confirmed,PROCESSED,PROCESSED,No,Hindi with English translation,Yes,Indo-Aryan,Hindi,high,Publisher assertion (Padma Prakashan Sthanakvasi edition),IAST,confirmed,Publisher assertion (Sthanakvasi sect),commentary,,Jain,high,Content verification,canonical_commentary,Amarmuni,Sthanakvasi - Padma Prakashan tradition,"Task 35 discovery, Task 36 acquisition. Raw: data/raw/SVK-2030/Agam_01_Ang_01_Acharanga_Sutra_Part_01_Sthanakvasi.html. SHA-256: 7a8fa79ed80879d94173ab24d62f2d17a5bc0abfa24c3f25308a0bc8195f72d4. Permission: Task 32 JainQQ permission. Task 37 processing: 5037 unique units extracted. Release decision: RELEASE.",,Acharanga Sutra,Agam Commentary,,JainQQ,,No,processed,JainQQ,007646,5037,No,high,high,low,high,training
SVK-2031,Agam 01 Ang 02 Acharanga Sutra Part 02 Sthanakvasi,Amarmuni,Padma Prakashan,,Svetambara,Sthanakvasi,Sthanakvasi,Hindi,Devanagari,https://jainqq.org/explore/007647,https://jainqq.org/explore/007647,JainQQ,HTML,TRAINING_ALLOWED,data/rights/jainqq_permission_evidence_v1.json,"Permission from Padma Prakashan (Sept 19, 2026)",Yes,Yes,Yes,confirmed,PROCESSED,PROCESSED,No,Hindi with English translation,Yes,Indo-Aryan,Hindi,high,Publisher assertion (Padma Prakashan Sthanakvasi edition),IAST,confirmed,Publisher assertion (Sthanakvasi sect),commentary,,Jain,high,Content verification,canonical_commentary,Amarmuni,Sthanakvasi - Padma Prakashan tradition,"Task 35 discovery, Task 36 acquisition. Raw: data/raw/SVK-2031/Agam_01_Ang_02_Acharanga_Sutra_Part_02_Sthanakvasi.html. SHA-256: 6137c721cf26607ec2452e5e4569a72c57ed915c2ebd436ad0f66235d34db8c3. Permission: Task 32 JainQQ permission. Task 37 processing: 5093 unique units extracted. Release decision: RELEASE.",,Acharanga Sutra,Agam Commentary,,JainQQ,,No,processed,JainQQ,007647,5093,No,high,high,low,high,training
SVK-2032,Agam 12 Samvayang Sutra Sthanakvasi,Amarmuni,Padma Prakashan,,Svetambara,Sthanakvasi,Sthanakvasi,Hindi,Devanagari,https://jainqq.org/explore/002488,https://jainqq.org/explore/002488,JainQQ,HTML,TRAINING_ALLOWED,data/rights/jainqq_permission_evidence_v1.json,"Permission from Padma Prakashan (Sept 19, 2026)",Yes,Yes,Yes,confirmed,PROCESSED,PROCESSED,No,Hindi with English translation,Yes,Indo-Aryan,Hindi,high,Publisher assertion (Padma Prakashan Sthanakvasi edition),IAST,confirmed,Publisher assertion (Sthanakvasi sect),commentary,,Jain,high,Content verification,canonical_commentary,Amarmuni,Sthanakvasi - Padma Prakashan tradition,"Task 35 discovery, Task 36 acquisition. Raw: data/raw/SVK-2032/Agam_12_Samvayang_Sutra_Sthanakvasi.html. SHA-256: 672740cd53f3af5d758e95b463d71777eb83a3503afbf30a4f886bcedd1c5987. Permission: Task 32 JainQQ permission. Task 37 processing: 4748 unique units extracted. Release decision: RELEASE.",,Samvayang Sutra,Agam Commentary,,JainQQ,,No,processed,JainQQ,002488,4748,No,high,high,low,high,training
SVK-2033,Agam 05 Bhagvati Sutra Part 01 Sthanakvasi,Amarmuni,Padma Prakashan,,Svetambara,Sthanakvasi,Sthanakvasi,Hindi,Devanagari,https://jainqq.org/explore/002902,https://jainqq.org/explore/002902,JainQQ,HTML,TRAINING_ALLOWED,data/rights/jainqq_permission_evidence_v1.json,"Permission from Padma Prakashan (Sept 19, 2026)",Yes,Yes,Yes,confirmed,PROCESSED,PROCESSED,No,Hindi with English translation,Yes,Indo-Aryan,Hindi,high,Publisher assertion (Padma Prakashan Sthanakvasi edition),IAST,confirmed,Publisher assertion (Sthanakvasi sect),commentary,,Jain,high,Content verification,canonical_commentary,Amarmuni,Sthanakvasi - Padma Prakashan tradition,"Task 35 discovery, Task 36 acquisition. Raw: data/raw/SVK-2033/Agam_05_Bhagvati_Sutra_Part_01_Sthanakvasi.html. SHA-256: b65268d21f8e6fa9f705cdd5094897b6b093c56d62dec5880329b9b5ce8e916b. Permission: Task 32 JainQQ permission. Task 37 processing: 9582 unique units extracted. Release decision: RELEASE.",,Bhagvati Sutra,Agam Commentary,,JainQQ,,No,processed,JainQQ,002902,9582,No,high,high,low,high,training
SVK-2034,Agam 05 Bhagvati Sutra Part 03 Sthanakvasi,Amarmuni,Padma Prakashan,,Svetambara,Sthanakvasi,Sthanakvasi,Hindi,Devanagari,https://jainqq.org/explore/002904,https://jainqq.org/explore/002904,JainQQ,HTML,TRAINING_ALLOWED,data/rights/jainqq_permission_evidence_v1.json,"Permission from Padma Prakashan (Sept 19, 2026)",Yes,Yes,Yes,confirmed,PROCESSED,PROCESSED,No,Hindi with English translation,Yes,Indo-Aryan,Hindi,high,Publisher assertion (Padma Prakashan Sthanakvasi edition),IAST,confirmed,Publisher assertion (Sthanakvasi sect),commentary,,Jain,high,Content verification,canonical_commentary,Amarmuni,Sthanakvasi - Padma Prakashan tradition,"Task 35 discovery, Task 36 acquisition. Raw: data/raw/SVK-2034/Agam_05_Bhagvati_Sutra_Part_03_Sthanakvasi.html. SHA-256: da7e5afc9deaa478345b0d0e42c13981c9ca6a7f1c106bf11efbde354df1df73. Permission: Task 32 JainQQ permission. Task 37 processing: 9500 unique units extracted. Release decision: RELEASE.",,Bhagvati Sutra,Agam Commentary,,JainQQ,,No,processed,JainQQ,002904,9500,No,high,high,low,high,training
SVK-2035,English Pratikraman,Pravin K Shah,Jain Education International,,Svetambara,Sthanakvasi,Sthanakvasi,English,Latin,https://jainqq.org/explore/320012,https://jainqq.org/explore/320012,JainQQ,HTML,TRAINING_ALLOWED,data/rights/jainqq_permission_evidence_v1.json,"Permission from Padma Prakashan (Sept 19, 2026)",Yes,Yes,Yes,confirmed,PROCESSED,PROCESSED,No,Hindi with English translation,Yes,Indo-Aryan,Hindi,high,Publisher assertion (Padma Prakashan Sthanakvasi edition),IAST,confirmed,Publisher assertion (Sthanakvasi sect),liturgical,,Jain,high,Content verification,canonical_commentary,Pravin K Shah,Sthanakvasi - Padma Prakashan tradition,"Task 35 discovery, Task 36 acquisition. Raw: data/raw/SVK-2035/English_Pratikraman.html. SHA-256: 60ea74411b250ed7aec5f0c08a5f2b5b56edcf723d7f7896ad69a3425d7d4d3b. Permission: Task 32 JainQQ permission. Task 37 processing: 965 unique units extracted. Release decision: RELEASE.",,Pratikraman,Pratikraman,,JainQQ,,No,processed,JainQQ,320012,965,No,medium,high,low,high,training
SVK-2036,Agam 22 Sthanang Sutra Part 02 Sthanakvasi,Amarmuni,Padma Prakashan,,Svetambara,Sthanakvasi,Sthanakvasi,Hindi,Devanagari,https://jainqq.org/explore/002906,https://jainqq.org/explore/002906,JainQQ,HTML,TRAINING_ALLOWED,data/rights/jainqq_permission_evidence_v1.json,"Permission from Padma Prakashan (Sept 19, 2026)",Yes,Yes,Yes,confirmed,PROCESSED,PROCESSED,No,Hindi with English translation,Yes,Indo-Aryan,Hindi,high,Publisher assertion (Padma Prakashan Sthanakvasi edition),IAST,confirmed,Publisher assertion (Sthanakvasi sect),commentary,,Jain,high,Content verification,canonical_commentary,Amarmuni,Sthanakvasi - Padma Prakashan tradition,"Task 35 discovery, Task 36 acquisition. Raw: data/raw/SVK-2036/Agam_22_Sthanang_Sutra_Part_02_Sthanakvasi.html. SHA-256: f6aa5bfbfeb83b9a2cf77816b1eb5250eedfc2dd99fad4790f4a4720f1624765. Permission: Task 32 JainQQ permission. Task 37 processing: 8663 unique units extracted. Release decision: RELEASE.",,Sthanang Sutra,Agam Commentary,,JainQQ,,No,processed,JainQQ,002906,8663,No,high,high,low,high,training
SVK-2037,Jinvani Pratikraman Special Issue,Dharmchand Jain,Padma Prakashan,,Svetambara,Sthanakvasi,Sthanakvasi,Hindi,Devanagari,https://jainqq.org/explore/002748,https://jainqq.org/explore/002748,JainQQ,HTML,TRAINING_ALLOWED,data/rights/jainqq_permission_evidence_v1.json,"Permission from Padma Prakashan (Sept 19, 2026)",Yes,Yes,Yes,confirmed,PROCESSED,PROCESSED,No,Hindi with English translation,Yes,Indo-Aryan,Hindi,high,Publisher assertion (Padma Prakashan Sthanakvasi edition),IAST,confirmed,Publisher assertion (Sthanakvasi sect),liturgical,,Jain,high,Content verification,canonical_commentary,Dharmchand Jain,Sthanakvasi - Padma Prakashan tradition,"Task 35 discovery, Task 36 acquisition. Raw: data/raw/SVK-2037/Jinvani_Pratikraman_Special_Issue.html. SHA-256: ea625ca7103d36f72dfac12c2922f4f23bb8d2d66b39714223655f272d90014b. Permission: Task 32 JainQQ permission. Task 37 processing: 2965 unique units extracted. Release decision: RELEASE.",,Pratikraman,Pratikraman,,JainQQ,,No,processed,JainQQ,002748,2965,No,high,high,low,high,reference
